date,scripcode,symbol,group,open,high,low,close,prev_close,volume,turnover,trades
2026-09-10,523105,CROPSTER,T,3.33,3.37,3.17,3.17,3.33,8659978,28252952.00,4851
2026-09-10,531723,GATECH,T,0.78,0.78,0.78,0.78,0.82,268977,209802.00,286
2026-09-10,539091,CCDL,XT,1.37,1.38,1.37,1.38,1.32,29339415,40348841.00,3144
2026-09-10,540829,CHANDRIMA,XT,15.22,15.22,15.22,15.22,15.53,6355,96723.00,67
2026-09-11,523105,CROPSTER,T,3.02,3.02,3.02,3.02,3.17,2378790,7183945.00,2875
2026-09-11,531723,GATECH,T,0.75,0.75,0.75,0.75,0.78,314881,236160.00,271
2026-09-11,539091,CCDL,XT,1.32,1.32,1.32,1.32,1.38,777030,1025679.00,543
2026-09-11,540829,CHANDRIMA,XT,14.92,14.92,14.92,14.92,15.22,6630,98919.00,85
2026-09-15,500240,KINETIC,XT,227.85,228.45,218.25,219.95,229.35,24672,5474577.00,233
2026-09-15,523105,CROPSTER,T,2.87,2.87,2.87,2.87,3.02,2977980,8546802.00,3856
2026-09-15,531723,GATECH,T,0.72,0.72,0.72,0.72,0.75,239192,172218.00,328
2026-09-15,533056,VEDAVAAG,B,24.00,24.80,20.55,20.96,23.36,35294,788800.00,407
2026-09-15,533343,LOVABLE,B,71.79,73.75,69.55,71.81,72.16,2747,194742.00,135
2026-09-15,539091,CCDL,XT,1.26,1.26,1.26,1.26,1.32,276995,349013.00,377
2026-09-15,540829,CHANDRIMA,XT,14.63,14.63,14.63,14.63,14.92,9222,134917.00,95
2026-09-15,544305,MOBIKWIK,B,212.10,215.80,199.00,201.95,209.55,181937,37766887.00,2109
2026-09-15,544497,ANLON,B,21.98,22.38,19.45,20.01,19.52,4681041,96427382.00,8285
