fold_id,session,equity,cash,holdings_value,open_slots
FOLD_1_2023,2023-01-02,250000.0,250000.0,0.0,0
FOLD_1_2023,2023-01-03,250000.0,250000.0,0.0,0
FOLD_1_2023,2023-01-04,249771.58,222887.58,26884.0,1
FOLD_1_2023,2023-01-05,250134.58,222887.58,27247.0,1
FOLD_1_2023,2023-01-06,250101.58,222887.58,27214.0,1
FOLD_1_2023,2023-01-09,250368.38,200484.27,49884.1,2
FOLD_1_2023,2023-01-10,249476.57,167762.27,81714.3,3
FOLD_1_2023,2023-01-11,249040.77,167762.27,81278.5,3
FOLD_1_2023,2023-01-12,249360.32,167762.27,81598.05,3
FOLD_1_2023,2023-01-13,249884.22,167762.27,82121.95,3
FOLD_1_2023,2023-01-16,249485.22,167762.27,81722.95,3
FOLD_1_2023,2023-01-17,248986.87,167762.27,81224.6,3
FOLD_1_2023,2023-01-18,249640.25,194911.75,54728.5,2
FOLD_1_2023,2023-01-19,249988.85,194911.75,55077.1,2
FOLD_1_2023,2023-01-20,249111.6,194911.75,54199.85,2
FOLD_1_2023,2023-01-23,249126.3,216741.3,32385.0,1
FOLD_1_2023,2023-01-24,248765.0,214415.3,34349.7,1
FOLD_1_2023,2023-01-25,248025.8,214415.3,33610.5,1
FOLD_1_2023,2023-01-27,247694.69,144395.54,103299.15,3
FOLD_1_2023,2023-01-30,247505.6,176874.0,70631.6,2
FOLD_1_2023,2023-01-31,248839.15,176874.0,71965.15,2
FOLD_1_2023,2023-02-01,244307.84,210798.29,33509.55,1
FOLD_1_2023,2023-02-02,246260.89,176379.74,69881.15,2
FOLD_1_2023,2023-02-03,246862.95,178299.25,68563.7,2
FOLD_1_2023,2023-02-06,247101.8,178299.25,68802.55,2
FOLD_1_2023,2023-02-07,246472.95,151917.05,94555.9,3
FOLD_1_2023,2023-02-08,246301.9,151917.05,94384.85,3
FOLD_1_2023,2023-02-09,246498.65,151917.05,94581.6,3
FOLD_1_2023,2023-02-10,246070.2,151917.05,94153.15,3
FOLD_1_2023,2023-02-13,245983.25,151917.05,94066.2,3
FOLD_1_2023,2023-02-14,247319.55,151917.05,95402.5,3
FOLD_1_2023,2023-02-15,246626.0,151917.05,94708.95,3
FOLD_1_2023,2023-02-16,246911.28,188178.48,58732.8,2
FOLD_1_2023,2023-02-17,245734.48,193478.88,52255.6,2
FOLD_1_2023,2023-02-20,245312.08,193478.88,51833.2,2
FOLD_1_2023,2023-02-21,244395.51,199269.91,45125.6,2
FOLD_1_2023,2023-02-22,244298.44,172858.84,71439.6,3
FOLD_1_2023,2023-02-23,244345.24,172858.84,71486.4,3
FOLD_1_2023,2023-02-24,243550.04,172858.84,70691.2,3
FOLD_1_2023,2023-02-27,242289.27,216674.07,25615.2,1
FOLD_1_2023,2023-02-28,242646.87,216674.07,25972.8,1
FOLD_1_2023,2023-03-01,242731.27,216674.07,26057.2,1
FOLD_1_2023,2023-03-02,241650.0,241650.0,0.0,0
FOLD_1_2023,2023-03-03,241650.0,241650.0,0.0,0
FOLD_1_2023,2023-03-06,241650.0,241650.0,0.0,0
FOLD_1_2023,2023-03-08,241650.0,241650.0,0.0,0
FOLD_1_2023,2023-03-09,241304.38,162764.33,78540.05,3
FOLD_1_2023,2023-03-10,241334.03,162764.33,78569.7,3
FOLD_1_2023,2023-03-13,239606.67,180571.67,59035.0,2
FOLD_1_2023,2023-03-14,240368.07,180571.67,59796.4,2
FOLD_1_2023,2023-03-15,241728.87,180571.67,61157.2,2
FOLD_1_2023,2023-03-16,241260.67,180571.67,60689.0,2
FOLD_1_2023,2023-03-17,240819.47,180571.67,60247.8,2
FOLD_1_2023,2023-03-20,240249.87,180571.67,59678.2,2
FOLD_1_2023,2023-03-21,239787.29,148792.29,90995.0,3
FOLD_1_2023,2023-03-22,239358.34,148792.29,90566.05,3
FOLD_1_2023,2023-03-23,239067.76,207643.51,31424.25,1
FOLD_1_2023,2023-03-24,239033.11,207643.51,31389.6,1
FOLD_1_2023,2023-03-27,239376.31,207643.51,31732.8,1
FOLD_1_2023,2023-03-28,239277.31,207643.51,31633.8,1
FOLD_1_2023,2023-03-29,239531.41,207643.51,31887.9,1
FOLD_1_2023,2023-03-31,240818.04,166330.88,74487.16,3
FOLD_1_2023,2023-04-03,240863.86,166330.88,74532.98,3
FOLD_1_2023,2023-04-05,241251.64,166330.88,74920.76,3
FOLD_1_2023,2023-04-06,240934.51,198190.38,42744.13,2
FOLD_1_2023,2023-04-10,241113.47,177261.62,63851.85,3
FOLD_1_2023,2023-04-11,240902.92,220090.27,20812.65,1
FOLD_1_2023,2023-04-12,241623.82,220090.27,21533.55,1
FOLD_1_2023,2023-04-13,241371.1,158635.15,82735.95,3
FOLD_1_2023,2023-04-17,241463.65,158635.15,82828.5,3
FOLD_1_2023,2023-04-18,242120.8,158635.15,83485.65,3
FOLD_1_2023,2023-04-19,241907.95,158635.15,83272.8,3
FOLD_1_2023,2023-04-20,241610.75,158635.15,82975.6,3
FOLD_1_2023,2023-04-21,240919.45,158635.15,82284.3,3
FOLD_1_2023,2023-04-24,240171.95,158635.15,81536.8,3
FOLD_1_2023,2023-04-25,241259.12,180594.07,60665.05,2
FOLD_1_2023,2023-04-26,241149.97,180594.07,60555.9,2
FOLD_1_2023,2023-04-27,243384.12,148213.97,95170.15,3
FOLD_1_2023,2023-04-28,244846.12,244846.12,0.0,0
FOLD_1_2023,2023-05-02,244592.68,143339.83,101252.85,3
FOLD_1_2023,2023-05-03,244173.48,143339.83,100833.65,3
FOLD_1_2023,2023-05-04,244037.08,143339.83,100697.25,3
FOLD_1_2023,2023-05-05,243725.53,143339.83,100385.7,3
FOLD_1_2023,2023-05-08,244872.33,143339.83,101532.5,3
FOLD_1_2023,2023-05-09,245726.08,143339.83,102386.25,3
FOLD_1_2023,2023-05-10,245411.93,143339.83,102072.1,3
FOLD_1_2023,2023-05-11,244272.33,143339.83,100932.5,3
FOLD_1_2023,2023-05-12,242925.12,175934.72,66990.4,2
FOLD_1_2023,2023-05-15,243028.11,141868.86,101159.25,3
FOLD_1_2023,2023-05-16,243009.97,208746.97,34263.0,1
FOLD_1_2023,2023-05-17,242675.79,141419.19,101256.6,3
FOLD_1_2023,2023-05-18,241524.19,141419.19,100105.0,3
FOLD_1_2023,2023-05-19,241948.29,141419.19,100529.1,3
FOLD_1_2023,2023-05-22,242179.99,141419.19,100760.8,3
FOLD_1_2023,2023-05-23,242313.19,141419.19,100894.0,3
FOLD_1_2023,2023-05-24,242866.99,141419.19,101447.8,3
FOLD_1_2023,2023-05-25,243647.49,141419.19,102228.3,3
FOLD_1_2023,2023-05-26,244914.59,141419.19,103495.4,3
FOLD_1_2023,2023-05-29,244939.93,175465.33,69474.6,2
FOLD_1_2023,2023-05-30,245724.56,137667.86,108056.7,3
FOLD_1_2023,2023-05-31,245059.29,207637.29,37422.0,1
FOLD_1_2023,2023-06-01,245201.85,154806.45,90395.4,3
FOLD_1_2023,2023-06-02,246449.85,154806.45,91643.4,3
FOLD_1_2023,2023-06-05,246209.75,154806.45,91403.3,3
FOLD_1_2023,2023-06-06,246669.35,154806.45,91862.9,3
FOLD_1_2023,2023-06-07,248235.75,154806.45,93429.3,3
FOLD_1_2023,2023-06-08,247897.55,154806.45,93091.1,3
FOLD_1_2023,2023-06-09,247799.85,154806.45,92993.4,3
FOLD_1_2023,2023-06-12,247924.03,191181.43,56742.6,2
FOLD_1_2023,2023-06-13,247722.92,190166.32,57556.6,2
FOLD_1_2023,2023-06-14,248147.54,165939.49,82208.05,3
FOLD_1_2023,2023-06-15,247070.07,193731.62,53338.45,2
FOLD_1_2023,2023-06-16,246908.61,155764.31,91144.3,3
FOLD_1_2023,2023-06-19,246964.86,155764.31,91200.55,3
FOLD_1_2023,2023-06-20,247532.41,155764.31,91768.1,3
FOLD_1_2023,2023-06-21,246919.51,155764.31,91155.2,3
FOLD_1_2023,2023-06-22,246151.31,155764.31,90387.0,3
FOLD_1_2023,2023-06-23,245248.21,155764.31,89483.9,3
FOLD_1_2023,2023-06-26,245807.56,155764.31,90043.25,3
FOLD_1_2023,2023-06-27,245833.42,184007.62,61825.8,2
FOLD_1_2023,2023-06-28,246308.21,183432.11,62876.1,2
FOLD_1_2023,2023-06-30,247395.37,158973.82,88421.55,3
FOLD_1_2023,2023-07-03,246036.91,196234.01,49802.9,2
FOLD_1_2023,2023-07-04,245308.17,166416.37,78891.8,3
FOLD_1_2023,2023-07-05,244176.89,188877.74,55299.15,2
FOLD_1_2023,2023-07-06,244983.73,155177.38,89806.35,3
FOLD_1_2023,2023-07-07,244803.93,155177.38,89626.55,3
FOLD_1_2023,2023-07-10,244147.18,155177.38,88969.8,3
FOLD_1_2023,2023-07-11,244595.98,155177.38,89418.6,3
FOLD_1_2023,2023-07-12,245014.53,155177.38,89837.15,3
FOLD_1_2023,2023-07-13,243875.56,179673.56,64202.0,2
FOLD_1_2023,2023-07-14,244518.41,158340.91,86177.5,3
FOLD_1_2023,2023-07-17,243482.96,158340.91,85142.05,3
FOLD_1_2023,2023-07-18,242814.2,188978.75,53835.45,2
FOLD_1_2023,2023-07-19,243891.13,167998.18,75892.95,3
FOLD_1_2023,2023-07-20,245368.61,224280.01,21088.6,1
FOLD_1_2023,2023-07-21,244973.48,149404.53,95568.95,3
FOLD_1_2023,2023-07-24,245064.93,149404.53,95660.4,3
FOLD_1_2023,2023-07-25,245244.88,149404.53,95840.35,3
FOLD_1_2023,2023-07-26,245711.13,149404.53,96306.6,3
FOLD_1_2023,2023-07-27,247433.98,149404.53,98029.45,3
FOLD_1_2023,2023-07-28,247964.88,172123.28,75841.6,2
FOLD_1_2023,2023-07-31,249260.24,143633.39,105626.85,3
FOLD_1_2023,2023-08-01,250136.19,143633.39,106502.8,3
FOLD_1_2023,2023-08-02,249286.29,143633.39,105652.9,3
FOLD_1_2023,2023-08-03,249490.98,219997.58,29493.4,1
FOLD_1_2023,2023-08-04,249166.14,200997.64,48168.5,2
FOLD_1_2023,2023-08-07,248919.02,176055.42,72863.6,3
FOLD_1_2023,2023-08-08,248539.02,176055.42,72483.6,3
FOLD_1_2023,2023-08-09,250059.12,176055.42,74003.7,3
FOLD_1_2023,2023-08-10,248838.62,176055.42,72783.2,3
FOLD_1_2023,2023-08-11,246727.48,199567.88,47159.6,2
FOLD_1_2023,2023-08-14,245923.4,197432.3,48491.1,2
FOLD_1_2023,2023-08-16,244669.62,183929.02,60740.6,2
FOLD_1_2023,2023-08-17,243965.71,175232.31,68733.4,2
FOLD_1_2023,2023-08-18,242793.29,147913.69,94879.6,3
FOLD_1_2023,2023-08-21,244017.59,147913.69,96103.9,3
FOLD_1_2023,2023-08-22,244910.29,147913.69,96996.6,3
FOLD_1_2023,2023-08-23,245785.39,147913.69,97871.7,3
FOLD_1_2023,2023-08-24,246197.59,147913.69,98283.9,3
FOLD_1_2023,2023-08-25,245179.99,147913.69,97266.3,3
FOLD_1_2023,2023-08-28,245874.29,147913.69,97960.6,3
FOLD_1_2023,2023-08-29,247404.79,147913.69,99491.1,3
FOLD_1_2023,2023-08-30,247387.34,180841.24,66546.1,2
FOLD_1_2023,2023-08-31,248069.54,185849.24,62220.3,2
FOLD_1_2023,2023-09-01,249063.45,179471.65,69591.8,2
FOLD_1_2023,2023-09-04,249467.22,152334.42,97132.8,3
FOLD_1_2023,2023-09-05,249464.37,152334.42,97129.95,3
FOLD_1_2023,2023-09-06,249918.07,152334.42,97583.65,3
FOLD_1_2023,2023-09-07,250429.32,152334.42,98094.9,3
FOLD_1_2023,2023-09-08,250748.23,188466.33,62281.9,2
FOLD_1_2023,2023-09-11,251002.14,169589.44,81412.7,3
FOLD_1_2023,2023-09-12,248339.58,186906.98,61432.6,2
FOLD_1_2023,2023-09-13,248183.18,186906.98,61276.2,2
FOLD_1_2023,2023-09-14,248050.4,183659.85,64390.55,2
FOLD_1_2023,2023-09-15,248319.25,165778.35,82540.9,3
FOLD_1_2023,2023-09-18,248002.49,193595.39,54407.1,2
FOLD_1_2023,2023-09-20,247504.82,163683.1,83821.72,3
FOLD_1_2023,2023-09-21,245856.89,163683.1,82173.79,3
FOLD_1_2023,2023-09-22,247258.14,163683.1,83575.04,3
FOLD_1_2023,2023-09-25,247132.87,163683.1,83449.77,3
FOLD_1_2023,2023-09-26,247068.49,163683.1,83385.39,3
FOLD_1_2023,2023-09-27,246827.34,163683.1,83144.24,3
FOLD_1_2023,2023-09-28,246316.37,163683.1,82633.27,3
FOLD_1_2023,2023-09-29,247789.69,200360.84,47428.85,2
FOLD_1_2023,2023-10-03,248415.5,217578.6,30836.9,1
FOLD_1_2023,2023-10-04,247513.25,217578.6,29934.65,1
FOLD_1_2023,2023-10-05,246858.55,221252.65,25605.9,1
FOLD_1_2023,2023-10-06,246591.46,190042.81,56548.65,2
FOLD_1_2023,2023-10-09,246363.51,190042.81,56320.7,2
FOLD_1_2023,2023-10-10,246119.75,153571.8,92547.95,3
FOLD_1_2023,2023-10-11,246138.4,153571.8,92566.6,3
FOLD_1_2023,2023-10-12,245643.8,153571.8,92072.0,3
FOLD_1_2023,2023-10-13,246122.6,153571.8,92550.8,3
FOLD_1_2023,2023-10-16,245940.9,153571.8,92369.1,3
FOLD_1_2023,2023-10-17,245565.76,188668.96,56896.8,2
FOLD_1_2023,2023-10-18,244333.73,161268.73,83065.0,3
FOLD_1_2023,2023-10-19,243570.19,213026.19,30544.0,1
FOLD_1_2023,2023-10-20,243213.4,172643.6,70569.8,2
FOLD_1_2023,2023-10-23,241733.16,138788.86,102944.3,3
FOLD_1_2023,2023-10-25,240970.86,138788.86,102182.0,3
FOLD_1_2023,2023-10-26,239135.13,202638.83,36496.3,1
FOLD_1_2023,2023-10-27,240411.17,136429.82,103981.35,3
FOLD_1_2023,2023-10-30,241220.67,136429.82,104790.85,3
FOLD_1_2023,2023-10-31,241754.87,136429.82,105325.05,3
FOLD_1_2023,2023-11-01,241798.37,136429.82,105368.55,3
FOLD_1_2023,2023-11-02,242431.1,166809.95,75621.15,2
FOLD_1_2023,2023-11-03,243215.19,180152.64,63062.55,2
FOLD_1_2023,2023-11-06,243547.73,189291.53,54256.2,2
FOLD_1_2023,2023-11-07,242066.88,162354.18,79712.7,3
FOLD_1_2023,2023-11-08,242477.43,162354.18,80123.25,3
FOLD_1_2023,2023-11-09,243410.13,162354.18,81055.95,3
FOLD_1_2023,2023-11-10,243104.73,162354.18,80750.55,3
FOLD_1_2023,2023-11-13,242563.23,162354.18,80209.05,3
FOLD_1_2023,2023-11-15,245458.23,162354.18,83104.05,3
FOLD_1_2023,2023-11-16,246990.33,162354.18,84636.15,3
FOLD_1_2023,2023-11-17,247357.08,190599.48,56757.6,2
FOLD_1_2023,2023-11-20,247248.24,159389.14,87859.1,3
FOLD_1_2023,2023-11-21,247550.06,188416.46,59133.6,2
FOLD_1_2023,2023-11-22,248082.73,179038.98,69043.75,2
FOLD_1_2023,2023-11-23,247849.83,179038.98,68810.85,2
FOLD_1_2023,2023-11-24,247741.35,144291.8,103449.55,3
FOLD_1_2023,2023-11-28,248323.05,144291.8,104031.25,3
FOLD_1_2023,2023-11-29,249999.75,144291.8,105707.95,3
FOLD_1_2023,2023-11-30,252818.23,181752.03,71066.2,2
FOLD_1_2023,2023-12-01,252088.73,158912.18,93176.55,3
FOLD_1_2023,2023-12-04,252781.68,158912.18,93869.5,3
FOLD_1_2023,2023-12-05,253609.49,191408.04,62201.45,2
FOLD_1_2023,2023-12-06,255854.17,161990.07,93864.1,3
FOLD_1_2023,2023-12-07,255946.5,200323.85,55622.65,2
FOLD_1_2023,2023-12-08,254030.1,166031.05,87999.05,3
FOLD_1_2023,2023-12-11,253520.06,198799.71,54720.35,2
FOLD_1_2023,2023-12-12,254237.71,192911.71,61326.0,2
FOLD_1_2023,2023-12-13,254643.68,165481.98,89161.7,3
FOLD_1_2023,2023-12-14,254463.03,165481.98,88981.05,3
FOLD_1_2023,2023-12-15,254767.25,216383.45,38383.8,1
FOLD_1_2023,2023-12-18,253976.07,140731.22,113244.85,3
FOLD_1_2023,2023-12-19,253821.87,140731.22,113090.65,3
FOLD_1_2023,2023-12-20,251412.86,177252.71,74160.15,2
FOLD_1_2023,2023-12-21,251753.01,177252.71,74500.3,2
FOLD_1_2023,2023-12-22,250225.05,154110.05,96115.0,3
FOLD_1_2023,2023-12-26,250272.3,154110.05,96162.25,3
FOLD_1_2023,2023-12-27,251188.65,191111.15,60077.5,2
FOLD_1_2023,2023-12-28,251437.87,155592.47,95845.4,3
FOLD_1_2023,2023-12-29,250855.37,155592.47,95262.9,3
FOLD_2_2024,2024-01-01,250000.0,250000.0,0.0,0
FOLD_2_2024,2024-01-02,249651.25,159469.5,90181.75,3
FOLD_2_2024,2024-01-03,249092.25,159469.5,89622.75,3
FOLD_2_2024,2024-01-04,250865.1,159469.5,91395.6,3
FOLD_2_2024,2024-01-05,250980.15,159469.5,91510.65,3
FOLD_2_2024,2024-01-08,249093.05,193715.15,55377.9,2
FOLD_2_2024,2024-01-09,249243.12,173582.22,75660.9,3
FOLD_2_2024,2024-01-10,248797.77,173582.22,75215.55,3
FOLD_2_2024,2024-01-11,249456.47,173582.22,75874.25,3
FOLD_2_2024,2024-01-12,249686.57,173582.22,76104.35,3
FOLD_2_2024,2024-01-15,249187.07,173582.22,75604.85,3
FOLD_2_2024,2024-01-16,248276.7,227989.75,20286.95,1
FOLD_2_2024,2024-01-17,247725.36,199576.26,48149.1,2
FOLD_2_2024,2024-01-18,247241.82,166059.12,81182.7,3
FOLD_2_2024,2024-01-19,248084.22,166059.12,82025.1,3
FOLD_2_2024,2024-01-20,248089.82,248089.82,0.0,0
FOLD_2_2024,2024-01-23,248089.82,248089.82,0.0,0
FOLD_2_2024,2024-01-24,249070.72,143229.07,105841.65,3
FOLD_2_2024,2024-01-25,246700.72,143229.07,103471.65,3
FOLD_2_2024,2024-01-29,247039.39,175514.09,71525.3,2
FOLD_2_2024,2024-01-30,246508.33,151327.33,95181.0,3
FOLD_2_2024,2024-01-31,248723.03,151327.33,97395.7,3
FOLD_2_2024,2024-02-01,247606.28,151327.33,96278.95,3
FOLD_2_2024,2024-02-02,248058.23,151327.33,96730.9,3
FOLD_2_2024,2024-02-05,248098.03,151327.33,96770.7,3
FOLD_2_2024,2024-02-06,250119.63,151327.33,98792.3,3
FOLD_2_2024,2024-02-07,249438.0,191267.7,58170.3,2
FOLD_2_2024,2024-02-08,249314.75,193387.8,55926.95,2
FOLD_2_2024,2024-02-09,249386.75,168740.15,80646.6,3
FOLD_2_2024,2024-02-12,249114.85,168740.15,80374.7,3
FOLD_2_2024,2024-02-13,249751.33,193784.98,55966.35,2
FOLD_2_2024,2024-02-14,250098.61,166857.31,83241.3,3
FOLD_2_2024,2024-02-15,249647.41,166857.31,82790.1,3
FOLD_2_2024,2024-02-16,249533.86,166857.31,82676.55,3
FOLD_2_2024,2024-02-19,249830.71,166857.31,82973.4,3
FOLD_2_2024,2024-02-20,250170.91,166857.31,83313.6,3
FOLD_2_2024,2024-02-21,249688.86,166857.31,82831.55,3
FOLD_2_2024,2024-02-22,250437.09,198064.29,52372.8,2
FOLD_2_2024,2024-02-23,250090.03,190207.58,59882.45,2
FOLD_2_2024,2024-02-26,248576.77,167676.42,80900.35,3
FOLD_2_2024,2024-02-27,249429.37,167676.42,81752.95,3
FOLD_2_2024,2024-02-28,247962.39,193194.74,54767.65,2
FOLD_2_2024,2024-02-29,248097.56,156299.01,91798.55,3
FOLD_2_2024,2024-03-01,247226.86,156299.01,90927.85,3
FOLD_2_2024,2024-03-02,247391.8,247391.8,0.0,0
FOLD_2_2024,2024-03-04,247391.8,247391.8,0.0,0
FOLD_2_2024,2024-03-05,247519.2,207817.65,39701.55,2
FOLD_2_2024,2024-03-06,247331.03,186031.53,61299.5,3
FOLD_2_2024,2024-03-07,248092.88,186031.53,62061.35,3
FOLD_2_2024,2024-03-11,248260.73,186031.53,62229.2,3
FOLD_2_2024,2024-03-12,246470.38,186031.53,60438.85,3
FOLD_2_2024,2024-03-13,244153.91,227362.16,16791.75,1
FOLD_2_2024,2024-03-14,244238.36,227362.16,16876.2,1
FOLD_2_2024,2024-03-15,244211.81,227362.16,16849.65,1
FOLD_2_2024,2024-03-18,244614.72,199132.57,45482.15,2
FOLD_2_2024,2024-03-19,244270.42,199132.57,45137.85,2
FOLD_2_2024,2024-03-20,244618.42,216287.02,28331.4,1
FOLD_2_2024,2024-03-21,244365.42,216287.02,28078.4,1
FOLD_2_2024,2024-03-22,244717.32,216287.02,28430.3,1
FOLD_2_2024,2024-03-26,244188.32,216287.02,27901.3,1
FOLD_2_2024,2024-03-27,245201.6,174596.7,70604.9,3
FOLD_2_2024,2024-03-28,245642.6,174596.7,71045.9,3
FOLD_2_2024,2024-04-01,245741.05,174596.7,71144.35,3
FOLD_2_2024,2024-04-02,246100.65,174596.7,71503.95,3
FOLD_2_2024,2024-04-03,246247.83,202721.53,43526.3,2
FOLD_2_2024,2024-04-04,245623.2,202725.5,42897.7,2
FOLD_2_2024,2024-04-05,245887.8,202725.5,43162.3,2
FOLD_2_2024,2024-04-08,246458.43,180243.73,66214.7,3
FOLD_2_2024,2024-04-09,246968.68,180243.73,66724.95,3
FOLD_2_2024,2024-04-10,247886.38,180243.73,67642.65,3
FOLD_2_2024,2024-04-12,246983.14,202347.74,44635.4,2
FOLD_2_2024,2024-04-15,245825.39,202401.44,43423.95,2
FOLD_2_2024,2024-04-16,246504.54,202401.44,44103.1,2
FOLD_2_2024,2024-04-18,246915.03,183645.18,63269.85,3
FOLD_2_2024,2024-04-19,246893.93,183645.18,63248.75,3
FOLD_2_2024,2024-04-22,246624.83,183645.18,62979.65,3
FOLD_2_2024,2024-04-23,246361.73,183645.18,62716.55,3
FOLD_2_2024,2024-04-24,247827.2,206491.6,41335.6,2
FOLD_2_2024,2024-04-25,248088.85,185211.2,62877.65,3
FOLD_2_2024,2024-04-26,249316.35,185211.2,64105.15,3
FOLD_2_2024,2024-04-29,250241.85,185211.2,65030.65,3
FOLD_2_2024,2024-04-30,249410.51,207592.51,41818.0,2
FOLD_2_2024,2024-05-02,250194.7,183658.65,66536.05,3
FOLD_2_2024,2024-05-03,250261.82,203208.72,47053.1,2
FOLD_2_2024,2024-05-06,249414.32,203208.72,46205.6,2
FOLD_2_2024,2024-05-07,247256.12,183270.92,63985.2,3
FOLD_2_2024,2024-05-08,246285.39,202387.14,43898.25,2
FOLD_2_2024,2024-05-09,245430.14,202387.14,43043.0,2
FOLD_2_2024,2024-05-10,245416.39,202387.14,43029.25,2
FOLD_2_2024,2024-05-13,245221.68,220894.88,24326.8,1
FOLD_2_2024,2024-05-14,245605.21,173425.51,72179.7,3
FOLD_2_2024,2024-05-15,245762.11,173425.51,72336.6,3
FOLD_2_2024,2024-05-16,246942.27,198569.77,48372.5,2
FOLD_2_2024,2024-05-17,247026.32,172813.22,74213.1,3
FOLD_2_2024,2024-05-18,247121.01,247121.01,0.0,0
FOLD_2_2024,2024-05-21,247121.01,247121.01,0.0,0
FOLD_2_2024,2024-05-22,245514.38,167247.98,78266.4,3
FOLD_2_2024,2024-05-23,245944.58,167247.98,78696.6,3
FOLD_2_2024,2024-05-24,246186.83,167247.98,78938.85,3
FOLD_2_2024,2024-05-27,248262.43,167247.98,81014.45,3
FOLD_2_2024,2024-05-28,248367.18,167247.98,81119.2,3
FOLD_2_2024,2024-05-29,248670.98,167247.98,81423.0,3
FOLD_2_2024,2024-05-30,247578.18,167247.98,80330.2,3
FOLD_2_2024,2024-05-31,248642.68,167247.98,81394.7,3
FOLD_2_2024,2024-06-03,249660.12,195929.02,53731.1,2
FOLD_2_2024,2024-06-04,245508.66,245508.66,0.0,0
FOLD_2_2024,2024-06-05,245508.66,245508.66,0.0,0
FOLD_2_2024,2024-06-06,245281.92,197900.82,47381.1,2
FOLD_2_2024,2024-06-07,245156.78,205736.98,39419.8,2
FOLD_2_2024,2024-06-10,245031.54,181460.79,63570.75,3
FOLD_2_2024,2024-06-11,244954.29,181460.79,63493.5,3
FOLD_2_2024,2024-06-12,245189.24,181460.79,63728.45,3
FOLD_2_2024,2024-06-13,245400.34,181460.79,63939.55,3
FOLD_2_2024,2024-06-14,245686.84,181460.79,64226.05,3
FOLD_2_2024,2024-06-18,245511.39,181460.79,64050.6,3
FOLD_2_2024,2024-06-19,244435.14,181460.79,62974.35,3
FOLD_2_2024,2024-06-20,244693.49,181460.79,63232.7,3
FOLD_2_2024,2024-06-21,245037.74,202505.89,42531.85,2
FOLD_2_2024,2024-06-24,244672.17,200543.97,44128.2,2
FOLD_2_2024,2024-06-25,244666.16,203394.36,41271.8,2
FOLD_2_2024,2024-06-26,245168.73,179588.33,65580.4,3
FOLD_2_2024,2024-06-27,243803.47,201814.82,41988.65,2
FOLD_2_2024,2024-06-28,244328.87,172669.47,71659.4,3
FOLD_2_2024,2024-07-01,244792.97,172669.47,72123.5,3
FOLD_2_2024,2024-07-02,244139.47,172669.47,71470.0,3
FOLD_2_2024,2024-07-03,244473.27,172669.47,71803.8,3
FOLD_2_2024,2024-07-04,244845.87,172669.47,72176.4,3
FOLD_2_2024,2024-07-05,246210.87,172669.47,73541.4,3
FOLD_2_2024,2024-07-08,246239.27,193878.17,52361.1,2
FOLD_2_2024,2024-07-09,245884.73,187113.83,58770.9,2
FOLD_2_2024,2024-07-10,245536.62,155734.42,89802.2,3
FOLD_2_2024,2024-07-11,245984.02,155734.42,90249.6,3
FOLD_2_2024,2024-07-12,246305.73,186001.63,60304.1,2
FOLD_2_2024,2024-07-15,247140.9,154590.9,92550.0,3
FOLD_2_2024,2024-07-16,247951.78,185853.43,62098.35,2
FOLD_2_2024,2024-07-18,247820.73,185853.43,61967.3,2
FOLD_2_2024,2024-07-19,246146.81,159126.36,87020.45,3
FOLD_2_2024,2024-07-22,243621.54,212592.79,31028.75,1
FOLD_2_2024,2024-07-23,243261.54,212592.79,30668.75,1
FOLD_2_2024,2024-07-24,241227.42,148455.47,92771.95,3
FOLD_2_2024,2024-07-25,240652.37,178269.67,62382.7,2
FOLD_2_2024,2024-07-26,240670.2,150739.35,89930.85,3
FOLD_2_2024,2024-07-29,239686.17,211685.47,28000.7,1
FOLD_2_2024,2024-07-30,240037.88,166894.63,73143.25,3
FOLD_2_2024,2024-07-31,240433.83,166894.63,73539.2,3
FOLD_2_2024,2024-08-01,239554.01,166894.63,72659.38,3
FOLD_2_2024,2024-08-02,238876.09,193831.59,45044.5,2
FOLD_2_2024,2024-08-05,237407.63,169232.23,68175.4,3
FOLD_2_2024,2024-08-06,238338.28,169232.23,69106.05,3
FOLD_2_2024,2024-08-07,240017.88,169232.23,70785.65,3
FOLD_2_2024,2024-08-08,239439.93,169232.23,70207.7,3
FOLD_2_2024,2024-08-09,239761.68,169232.23,70529.45,3
FOLD_2_2024,2024-08-12,240110.73,169232.23,70878.5,3
FOLD_2_2024,2024-08-13,237668.58,211963.48,25705.1,1
FOLD_2_2024,2024-08-14,237078.23,188195.33,48882.9,2
FOLD_2_2024,2024-08-16,236766.88,188195.33,48571.55,2
FOLD_2_2024,2024-08-19,236868.45,159806.85,77061.6,3
FOLD_2_2024,2024-08-20,237595.59,185412.19,52183.4,2
FOLD_2_2024,2024-08-21,237516.11,149943.61,87572.5,3
FOLD_2_2024,2024-08-22,238154.06,149943.61,88210.45,3
FOLD_2_2024,2024-08-23,238613.21,149943.61,88669.6,3
FOLD_2_2024,2024-08-26,239132.21,149943.61,89188.6,3
FOLD_2_2024,2024-08-27,238724.71,149943.61,88781.1,3
FOLD_2_2024,2024-08-28,239572.66,149943.61,89629.05,3
FOLD_2_2024,2024-08-29,239488.61,174647.41,64841.2,2
FOLD_2_2024,2024-08-30,240078.57,151321.92,88756.65,3
FOLD_2_2024,2024-09-02,239804.86,180290.56,59514.3,2
FOLD_2_2024,2024-09-03,240135.08,149991.98,90143.1,3
FOLD_2_2024,2024-09-04,239717.99,186567.59,53150.4,2
FOLD_2_2024,2024-09-05,239934.1,156805.05,83129.05,3
FOLD_2_2024,2024-09-06,238794.7,179119.4,59675.3,2
FOLD_2_2024,2024-09-09,238365.8,179119.4,59246.4,2
FOLD_2_2024,2024-09-10,236877.64,154882.29,81995.35,3
FOLD_2_2024,2024-09-11,236348.64,154882.29,81466.35,3
FOLD_2_2024,2024-09-12,236768.69,177535.99,59232.7,2
FOLD_2_2024,2024-09-13,237161.96,151382.41,85779.55,3
FOLD_2_2024,2024-09-16,236620.46,151382.41,85238.05,3
FOLD_2_2024,2024-09-17,236592.82,180420.92,56171.9,2
FOLD_2_2024,2024-09-18,235170.46,144500.56,90669.9,3
FOLD_2_2024,2024-09-19,235313.24,172700.44,62612.8,2
FOLD_2_2024,2024-09-20,235523.14,172700.44,62822.7,2
FOLD_2_2024,2024-09-23,235691.27,138600.12,97091.15,3
FOLD_2_2024,2024-09-24,236577.47,138600.12,97977.35,3
FOLD_2_2024,2024-09-25,235625.37,138600.12,97025.25,3
FOLD_2_2024,2024-09-26,235763.57,138600.12,97163.45,3
FOLD_2_2024,2024-09-27,235908.12,164671.32,71236.8,2
FOLD_2_2024,2024-09-30,235088.37,164671.32,70417.05,2
