trade_id,strategy_id,symbol,entry_session,exit_session,entry_price,exit_price,raw_entry_price,raw_exit_price,shares,initial_risk_rs,stop_loss,target,holding_sessions,status,gross_pnl,entry_costs,exit_costs,net_pnl,realized_r,exit_reason,mtm_value,unrealized_pnl,as_of_session
T_FOLD_1_2023_0001,HIGH52_MOMENTUM,RECLTD,2023-01-04,2023-01-18,123.09,123.61,123.0,123.7,220,1494.3,116.3,136.4,10,CLOSED,113.29,32.12,44.11,37.06,0.025,TIME_STOP,,,
T_FOLD_1_2023_0002,HIGH52_MOMENTUM,ABBOTINDIA,2023-01-09,2023-01-23,22376.77,21868.14,22360.0,21884.55,1,936.55,21440.22,24103.72,10,CLOSED,-508.63,26.54,38.59,-573.76,-0.613,TIME_STOP,,,
T_FOLD_1_2023_0003,HIGH52_MOMENTUM,SBILIFE,2023-01-10,2023-01-24,1307.33,1272.3,1306.35,1273.25,25,1444.74,1249.54,1419.96,10,CLOSED,-875.87,38.76,48.88,-963.51,-0.667,TIME_STOP,,,
T_FOLD_1_2023_0004,HIGH52_MOMENTUM,PETRONET,2023-01-24,2023-01-30,221.07,211.22,220.9,211.38,154,1491.59,211.38,236.05,3,CLOSED,-1516.01,40.38,49.64,-1606.03,-1.077,STOP_LOSS,,,
T_FOLD_1_2023_0006,EXPIRY_RELIEF,BAJAJFINSV,2023-01-27,2023-02-01,1316.09,1266.89,1315.1,1267.84,28,1350.9,1267.84,1407.37,3,CLOSED,-1377.52,43.71,52.69,-1473.92,-1.091,STOP_LOSS,,,
T_FOLD_1_2023_0007,HIGH52_MOMENTUM,ITC,2023-02-01,2023-02-01,353.26,340.2,353.0,340.46,107,1370.11,340.46,376.14,0,CLOSED,-1397.43,44.84,53.65,-1495.92,-1.092,STOP_LOSS,,,
T_FOLD_1_2023_0005,EXPIRY_RELIEF,CUB,2023-01-27,2023-02-03,114.49,118.21,114.4,118.3,289,1495.81,109.31,124.58,5,CLOSED,1076.66,39.24,51.32,986.1,0.659,TIME_STOP,,,
T_FOLD_1_2023_0008,HIGH52_MOMENTUM,ITC,2023-02-02,2023-02-16,361.87,382.26,361.6,382.55,95,1493.51,346.15,391.89,10,CLOSED,1937.23,40.78,53.56,1842.89,1.234,TIME_STOP,,,
T_FOLD_1_2023_0009,HIGH52_MOMENTUM,BRITANNIA,2023-02-03,2023-02-17,4593.44,4529.85,4590.0,4533.25,7,1336.46,4402.52,4914.12,10,CLOSED,-445.15,38.13,48.78,-532.06,-0.398,TIME_STOP,,,
T_FOLD_1_2023_0010,HIGH52_MOMENTUM,PERSISTENT,2023-02-03,2023-02-17,2421.82,2453.36,2420.0,2455.2,9,1471.45,2258.32,2719.96,10,CLOSED,283.89,25.86,38.81,219.22,0.149,TIME_STOP,,,
T_FOLD_1_2023_0011,HIGH52_MOMENTUM,CUMMINSIND,2023-02-17,2023-02-27,1645.53,1555.38,1644.3,1556.55,16,1423.73,1556.55,1819.81,6,CLOSED,-1442.41,31.24,41.72,-1515.37,-1.064,STOP_LOSS,,,
T_FOLD_1_2023_0012,HIGH52_MOMENTUM,PERSISTENT,2023-02-21,2023-02-27,2544.41,2375.81,2542.5,2377.59,8,1334.53,2377.59,2837.81,4,CLOSED,-1348.8,24.14,35.62,-1408.56,-1.055,STOP_LOSS,,,
T_FOLD_1_2023_0013,HIGH52_MOMENTUM,ULTRACEMCO,2023-02-21,2023-03-08,7450.38,7261.8,7444.8,7267.25,4,1463.29,7084.56,8111.44,10,CLOSED,-754.34,35.36,46.03,-835.73,-0.571,TIME_STOP,,,
T_FOLD_1_2023_0015,HIGH52_MOMENTUM,BOSCHLTD,2023-03-09,2023-03-13,18787.03,17841.76,18772.95,17855.15,1,931.88,17855.15,20461.56,2,CLOSED,-945.27,22.29,34.42,-1001.98,-1.075,STOP_LOSS,,,
T_FOLD_1_2023_0014,HIGH52_MOMENTUM,CUMMINSIND,2023-03-09,2023-03-23,1676.31,1629.28,1675.05,1630.5,16,1428.26,1587.04,1832.92,10,CLOSED,-752.47,31.82,42.94,-827.23,-0.579,TIME_STOP,,,
T_FOLD_1_2023_0016,HIGH52_MOMENTUM,PETRONET,2023-03-09,2023-03-23,224.22,222.13,224.05,222.3,148,1493.03,214.13,241.49,10,CLOSED,-308.54,39.36,50.0,-397.9,-0.267,TIME_STOP,,,
T_FOLD_1_2023_0017,HIGH52_MOMENTUM,GODREJCP,2023-03-21,2023-04-06,961.87,966.92,961.15,967.65,33,1489.98,916.72,1046.57,10,CLOSED,166.76,37.64,49.0,80.12,0.054,TIME_STOP,,,
T_FOLD_1_2023_0018,EXPIRY_RELIEF,MOTHERSON,2023-03-31,2023-04-11,43.63,45.54,43.6,45.57,429,1498.37,40.14,48.84,5,CLOSED,816.44,22.21,36.18,758.05,0.506,TIME_STOP,,,
T_FOLD_1_2023_0019,EXPIRY_RELIEF,MPHASIS,2023-03-31,2023-04-11,1734.25,1797.7,1732.95,1799.05,13,1457.69,1622.12,1910.36,5,CLOSED,824.86,26.74,40.14,757.98,0.52,TIME_STOP,,,
T_FOLD_1_2023_0020,HIGH52_MOMENTUM,IGL,2023-04-10,2023-04-25,234.88,247.16,234.7,247.35,89,1498.41,218.04,257.52,10,CLOSED,1093.67,24.8,38.72,1030.15,0.687,TIME_STOP,,,
T_FOLD_1_2023_0021,HIGH52_MOMENTUM,INDIAMART,2023-04-13,2023-04-28,2689.52,2681.29,2687.5,2683.3,9,1365.98,2537.74,2921.62,10,CLOSED,-74.05,28.71,40.93,-143.69,-0.105,TIME_STOP,,,
T_FOLD_1_2023_0022,HIGH52_MOMENTUM,DRREDDY,2023-04-13,2023-04-28,978.33,985.21,977.6,985.95,38,1262.1,945.12,1038.36,10,CLOSED,261.34,44.11,54.73,162.5,0.129,TIME_STOP,,,
T_FOLD_1_2023_0023,HIGH52_MOMENTUM,GLENMARK,2023-04-27,2023-04-28,521.64,567.91,521.25,568.34,62,1484.34,497.7,568.34,1,CLOSED,2868.91,38.36,52.43,2778.12,1.872,TARGET,,,
T_FOLD_1_2023_0026,HIGH52_MOMENTUM,NAVINFLUOR,2023-05-02,2023-05-12,4869.95,4663.52,4866.3,4667.02,7,1420.51,4667.02,5216.55,8,CLOSED,-1445.01,40.43,49.75,-1535.19,-1.081,STOP_LOSS,,,
T_FOLD_1_2023_0024,HIGH52_MOMENTUM,BAJAJ-AUTO,2023-05-02,2023-05-16,4443.28,4534.95,4439.95,4538.35,8,1374.16,4271.51,4752.84,10,CLOSED,733.33,42.18,53.53,637.62,0.464,TIME_STOP,,,
T_FOLD_1_2023_0025,HIGH52_MOMENTUM,ALKEM,2023-05-02,2023-05-16,3527.79,3411.09,3525.15,3413.65,9,1378.29,3374.65,3780.4,10,CLOSED,-1050.34,37.65,47.74,-1135.73,-0.824,TIME_STOP,,,
T_FOLD_1_2023_0027,HIGH52_MOMENTUM,POLYCAB,2023-05-15,2023-05-29,3402.55,3409.74,3400.0,3412.3,10,1404.4,3262.11,3642.63,10,CLOSED,71.91,40.36,51.26,-19.71,-0.014,TIME_STOP,,,
T_FOLD_1_2023_0028,HIGH52_MOMENTUM,IOC,2023-05-17,2023-05-31,79.86,81.94,79.8,82.0,462,1496.81,76.62,83.76,10,CLOSED,960.34,43.78,55.16,861.4,0.575,TIME_STOP,,,
T_FOLD_1_2023_0029,HIGH52_MOMENTUM,IDFCFIRSTB,2023-05-17,2023-05-31,67.45,71.6,67.4,71.65,450,1498.75,64.12,73.97,10,CLOSED,1865.57,36.0,49.32,1780.25,1.188,TIME_STOP,,,
T_FOLD_1_2023_0030,HIGH52_MOMENTUM,ITC,2023-05-30,2023-06-12,449.44,433.67,449.1,434.0,84,1296.69,434.0,479.3,9,CLOSED,-1324.04,44.78,53.68,-1422.5,-1.097,STOP_LOSS,,,
T_FOLD_1_2023_0032,HIGH52_MOMENTUM,PFC,2023-06-01,2023-06-13,146.01,162.59,145.9,162.71,176,1497.66,137.5,162.71,8,CLOSED,2917.82,30.48,45.59,2841.75,1.897,TARGET,,,
T_FOLD_1_2023_0031,HIGH52_MOMENTUM,CANFINHOME,2023-06-01,2023-06-15,712.38,732.55,711.85,733.1,38,1473.03,673.62,774.35,10,CLOSED,766.32,32.11,44.78,689.43,0.468,TIME_STOP,,,
T_FOLD_1_2023_0033,HIGH52_MOMENTUM,IOC,2023-06-13,2023-06-27,84.91,81.29,84.85,81.35,348,1497.67,80.61,90.32,10,CLOSED,-1261.38,35.05,45.25,-1341.68,-0.896,TIME_STOP,,,
T_FOLD_1_2023_0034,HIGH52_MOMENTUM,RAMCOCEM,2023-06-13,2023-06-27,939.65,928.75,938.95,929.45,29,1455.05,889.48,1034.29,10,CLOSED,-316.14,32.33,43.84,-392.31,-0.27,TIME_STOP,,,
T_FOLD_1_2023_0035,HIGH52_MOMENTUM,NESTLEIND,2023-06-16,2023-07-03,1149.16,1130.75,1148.3,1131.6,33,1108.18,1115.58,1213.74,10,CLOSED,-607.53,44.99,54.6,-707.12,-0.638,TIME_STOP,,,
T_FOLD_1_2023_0037,HIGH52_MOMENTUM,INDIGO,2023-06-28,2023-07-12,2545.91,2731.21,2544.0,2733.26,12,1415.02,2427.99,2733.26,9,CLOSED,2223.62,36.24,49.88,2137.5,1.511,TARGET,,,
T_FOLD_1_2023_0036,HIGH52_MOMENTUM,ABCAPITAL,2023-06-28,2023-07-13,193.34,187.31,193.2,187.45,131,1494.04,181.94,213.02,10,CLOSED,-790.65,30.05,41.36,-862.06,-0.577,TIME_STOP,,,
T_FOLD_1_2023_0038,HIGH52_MOMENTUM,EXIDEIND,2023-07-04,2023-07-18,240.18,247.46,240.0,247.65,124,1496.68,228.11,263.19,10,CLOSED,903.25,35.32,47.73,820.2,0.548,TIME_STOP,,,
T_FOLD_1_2023_0041,HIGH52_MOMENTUM,POLYCAB,2023-07-19,2023-07-20,4191.14,4526.68,4188.0,4530.08,5,1319.81,3927.18,4530.08,1,CLOSED,1677.71,24.86,39.37,1613.48,1.223,TARGET,,,
T_FOLD_1_2023_0039,HIGH52_MOMENTUM,LUPIN,2023-07-13,2023-07-27,941.21,978.97,940.5,979.7,35,1478.94,898.95,1023.61,10,CLOSED,1321.59,39.07,51.43,1231.09,0.832,TIME_STOP,,,
T_FOLD_1_2023_0040,HIGH52_MOMENTUM,SUNPHARMA,2023-07-13,2023-07-27,1082.71,1149.59,1081.9,1150.45,35,1393.4,1042.9,1150.45,10,CLOSED,2340.65,44.95,57.62,2238.08,1.606,TARGET,,,
T_FOLD_1_2023_0042,HIGH52_MOMENTUM,ICICIBANK,2023-07-21,2023-08-03,996.35,966.2,995.6,966.93,38,1117.83,966.93,1052.94,9,CLOSED,-1145.39,44.91,53.98,-1244.28,-1.113,STOP_LOSS,,,
T_FOLD_1_2023_0043,EXPIRY_RELIEF,DALBHARAT,2023-07-28,2023-08-04,1953.26,1988.66,1951.8,1990.15,18,1490.65,1870.45,2083.75,5,CLOSED,637.08,41.7,53.03,542.35,0.364,TIME_STOP,,,
T_FOLD_1_2023_0044,EXPIRY_RELIEF,DELTACORP,2023-07-28,2023-08-04,198.0,186.51,197.85,186.65,80,1489.47,179.38,230.14,5,CLOSED,-919.07,18.8,31.38,-969.25,-0.651,TIME_STOP,,,
T_FOLD_1_2023_0046,HIGH52_MOMENTUM,ALKEM,2023-08-07,2023-08-11,4152.11,3925.46,4149.0,3928.41,6,1342.21,3928.41,4440.18,4,CLOSED,-1359.89,29.55,40.33,-1429.77,-1.065,STOP_LOSS,,,
T_FOLD_1_2023_0045,HIGH52_MOMENTUM,IBULHSGFIN,2023-08-04,2023-08-16,148.26,136.46,148.15,136.56,128,1497.74,136.56,167.12,7,CLOSED,-1510.85,22.51,34.04,-1567.4,-1.047,STOP_LOSS,,,
T_FOLD_1_2023_0048,HIGH52_MOMENTUM,COFORGE,2023-08-14,2023-08-17,1054.29,1003.35,1053.5,1004.1,29,1455.51,1004.1,1152.3,2,CLOSED,-1477.35,36.27,46.08,-1559.7,-1.072,STOP_LOSS,,,
T_FOLD_1_2023_0047,HIGH52_MOMENTUM,BSOFT,2023-08-07,2023-08-22,440.33,465.95,440.0,466.3,52,1486.16,411.75,492.89,10,CLOSED,1332.25,27.16,41.03,1264.06,0.851,TIME_STOP,,,
T_FOLD_1_2023_0049,HIGH52_MOMENTUM,LT,2023-08-17,2023-08-31,2693.07,2700.67,2691.05,2702.7,14,1388.22,2593.91,2885.32,10,CLOSED,106.47,44.73,55.11,6.63,0.005,TIME_STOP,,,
T_FOLD_1_2023_0050,HIGH52_MOMENTUM,LUPIN,2023-08-17,2023-08-31,1125.84,1097.03,1125.0,1097.85,22,1470.56,1059.0,1220.55,10,CLOSED,-633.98,29.39,40.93,-704.3,-0.479,TIME_STOP,,,
T_FOLD_1_2023_0051,HIGH52_MOMENTUM,TRENT,2023-08-23,2023-09-06,1358.32,1377.37,1357.3,1378.4,20,1460.16,1285.31,1485.38,10,CLOSED,380.96,32.23,44.48,304.25,0.208,TIME_STOP,,,
T_FOLD_1_2023_0053,EXPIRY_RELIEF,APOLLOTYRE,2023-09-01,2023-09-06,388.69,371.3,388.4,371.58,87,1488.68,371.58,422.04,3,CLOSED,-1512.93,40.11,49.4,-1602.44,-1.076,STOP_LOSS,,,
T_FOLD_1_2023_0052,EXPIRY_RELIEF,ALKEM,2023-09-01,2023-09-08,3645.58,3618.53,3642.85,3621.25,10,1396.92,3505.89,3916.77,5,CLOSED,-270.48,43.25,53.43,-367.16,-0.263,TIME_STOP,,,
T_FOLD_1_2023_0056,HIGH52_MOMENTUM,PFC,2023-09-11,2023-09-12,248.09,228.31,247.9,228.48,76,1490.05,228.48,275.33,1,CLOSED,-1503.07,22.36,33.92,-1559.35,-1.047,STOP_LOSS,,,
T_FOLD_1_2023_0054,HIGH52_MOMENTUM,INDHOTEL,2023-09-07,2023-09-13,432.32,412.69,432.0,413.0,77,1487.95,413.0,468.5,4,CLOSED,-1511.8,39.48,48.85,-1600.13,-1.075,STOP_LOSS,,,
T_FOLD_1_2023_0055,HIGH52_MOMENTUM,TVSMOTOR,2023-09-07,2023-09-22,1479.16,1492.98,1478.05,1494.1,25,1386.21,1423.71,1586.73,10,CLOSED,345.52,43.88,54.61,247.03,0.178,TIME_STOP,,,
T_FOLD_1_2023_0057,HIGH52_MOMENTUM,GRASIM,2023-09-14,2023-09-29,1936.75,1933.25,1935.3,1934.7,19,1499.89,1857.81,2060.43,10,CLOSED,-66.55,43.65,53.99,-164.19,-0.109,TIME_STOP,,,
T_FOLD_1_2023_0058,HIGH52_MOMENTUM,NMDC,2023-09-15,2023-10-03,49.07,47.39,49.03,47.43,364,1498.51,44.95,54.54,10,CLOSED,-608.73,21.19,33.81,-663.73,-0.443,TIME_STOP,,,
T_FOLD_1_2023_0059,HIGH52_MOMENTUM,CANBK,2023-09-25,2023-10-10,76.86,74.44,76.8,74.5,335,1500.0,72.38,85.03,10,CLOSED,-808.51,30.54,41.77,-880.82,-0.587,TIME_STOP,,,
T_FOLD_1_2023_0060,HIGH52_MOMENTUM,COALINDIA,2023-10-03,2023-10-17,282.01,301.92,281.8,302.15,76,1491.98,262.38,315.1,10,CLOSED,1513.31,25.42,39.71,1448.18,0.971,TIME_STOP,,,
T_FOLD_1_2023_0061,HIGH52_MOMENTUM,AUROPHARMA,2023-10-03,2023-10-17,917.69,907.52,917.0,908.2,29,1477.19,866.75,1009.54,10,CLOSED,-294.9,31.57,43.21,-369.68,-0.25,TIME_STOP,,,
T_FOLD_1_2023_0063,HIGH52_MOMENTUM,POLYCAB,2023-10-18,2023-10-19,5473.55,5202.77,5469.45,5206.68,5,1334.36,5206.68,5990.2,1,CLOSED,-1353.89,32.47,42.88,-1429.24,-1.071,STOP_LOSS,,,
T_FOLD_1_2023_0062,HIGH52_MOMENTUM,CHOLAFIN,2023-10-11,2023-10-23,1260.09,1179.45,1259.15,1180.34,18,1435.58,1180.34,1416.77,8,CLOSED,-1451.51,26.89,37.93,-1516.33,-1.056,STOP_LOSS,,,
T_FOLD_1_2023_0064,HIGH52_MOMENTUM,BSOFT,2023-10-18,2023-10-23,558.37,522.97,557.95,523.36,42,1470.36,523.36,616.79,3,CLOSED,-1486.84,27.82,38.68,-1553.34,-1.056,STOP_LOSS,,,
T_FOLD_1_2023_0065,HIGH52_MOMENTUM,BAJAJ-AUTO,2023-10-20,2023-10-26,5486.71,5270.97,5482.6,5274.93,6,1270.69,5274.93,5897.95,3,CLOSED,-1294.43,39.05,48.7,-1382.18,-1.088,STOP_LOSS,,,
T_FOLD_1_2023_0068,EXPIRY_RELIEF,TATACOMM,2023-10-27,2023-11-02,1573.18,1690.42,1572.0,1691.69,18,1442.68,1493.03,1691.69,4,CLOSED,2110.36,33.6,47.46,2029.3,1.407,TARGET,,,
T_FOLD_1_2023_0067,EXPIRY_RELIEF,NAVINFLUOR,2023-10-27,2023-11-03,3437.58,3536.2,3435.0,3538.85,11,1069.49,3340.35,3608.7,5,CLOSED,1084.82,44.85,56.25,983.72,0.92,TIME_STOP,,,
T_FOLD_1_2023_0066,HIGH52_MOMENTUM,IPCALAB,2023-10-25,2023-11-08,999.55,1053.16,998.8,1053.95,31,1485.49,951.63,1093.14,10,CLOSED,1661.92,36.76,49.76,1575.4,1.061,TIME_STOP,,,
T_FOLD_1_2023_0071,HIGH52_MOMENTUM,MCDOWELL-N,2023-11-09,2023-11-10,1100.83,1050.11,1100.0,1050.9,30,1497.75,1050.9,1196.85,1,CLOSED,-1521.4,39.16,48.57,-1609.13,-1.074,STOP_LOSS,,,
T_FOLD_1_2023_0070,HIGH52_MOMENTUM,MCX,2023-11-03,2023-11-13,490.37,552.39,490.0,552.8,38,1492.16,451.1,552.8,6,CLOSED,2356.68,22.1,37.68,2296.9,1.539,TARGET,,,
T_FOLD_1_2023_0069,HIGH52_MOMENTUM,OBEROIRLTY,2023-11-03,2023-11-17,1212.81,1347.17,1211.9,1348.18,21,1494.13,1141.66,1348.18,9,CLOSED,2821.56,30.22,45.25,2746.09,1.838,TARGET,,,
T_FOLD_1_2023_0072,HIGH52_MOMENTUM,DLF,2023-11-13,2023-11-29,611.86,637.17,611.4,637.65,42,1471.62,576.82,664.51,10,CLOSED,1063.15,30.48,43.66,989.01,0.672,TIME_STOP,,,
T_FOLD_1_2023_0073,HIGH52_MOMENTUM,TRENT,2023-11-15,2023-11-30,1721.29,1856.71,1720.0,1858.1,14,1491.28,1614.77,1888.76,10,CLOSED,1895.83,28.58,42.86,1824.39,1.223,TIME_STOP,,,
T_FOLD_1_2023_0074,HIGH52_MOMENTUM,ALKEM,2023-11-20,2023-12-05,4453.34,4649.36,4450.0,4652.85,7,1345.94,4261.06,4823.22,10,CLOSED,1372.16,36.98,49.66,1285.52,0.955,TIME_STOP,,,
T_FOLD_1_2023_0075,HIGH52_MOMENTUM,HAL,2023-11-30,2023-12-05,2371.68,2564.69,2369.9,2566.61,10,1398.77,2231.8,2566.61,3,CLOSED,1930.08,28.13,42.51,1859.44,1.329,TARGET,,,
T_FOLD_1_2023_0077,HIGH52_MOMENTUM,CHAMBLFERT,2023-12-06,2023-12-12,330.15,358.05,329.9,358.32,89,1493.19,313.37,358.32,4,CLOSED,2483.44,34.85,48.96,2399.63,1.607,TARGET,,,
T_FOLD_1_2023_0076,HIGH52_MOMENTUM,BHEL,2023-11-30,2023-12-14,165.87,181.26,165.75,181.4,133,1488.84,154.68,185.79,10,CLOSED,2046.82,26.17,40.91,1979.74,1.33,TIME_STOP,,,
T_FOLD_1_2023_0079,HIGH52_MOMENTUM,MFSL,2023-12-13,2023-12-15,1053.74,996.79,1052.95,997.54,26,1461.19,997.54,1146.07,2,CLOSED,-1480.64,32.5,42.79,-1555.93,-1.065,STOP_LOSS,,,
T_FOLD_1_2023_0078,HIGH52_MOMENTUM,ICICIBANK,2023-12-06,2023-12-20,1014.76,1005.9,1014.0,1006.65,37,1090.41,985.29,1069.78,10,CLOSED,-328.02,44.55,54.51,-427.08,-0.392,TIME_STOP,,,
T_FOLD_1_2023_0080,HIGH52_MOMENTUM,INDUSINDBK,2023-12-15,,1554.11,,1552.95,,24,1459.07,1493.32,1668.47,9,UNRESOLVED,0.0,44.25,0.0,0.0,,,38374.8,1076.05,2023-12-29
T_FOLD_1_2023_0081,HIGH52_MOMENTUM,LT,2023-12-15,,3437.73,,3435.15,,11,1318.2,3317.89,3663.52,9,UNRESOLVED,0.0,44.86,0.0,0.0,,,38786.0,971.01,2023-12-29
T_FOLD_1_2023_0082,HIGH52_MOMENTUM,AUROPHARMA,2023-12-22,,1100.72,,1099.9,,21,1440.07,1032.15,1212.15,4,UNRESOLVED,0.0,27.43,0.0,0.0,,,22764.0,-351.22,2023-12-29
T_FOLD_2_2024_0001,HIGH52_MOMENTUM,NESTLEIND,2024-01-02,2024-01-08,1376.03,1319.12,1375.0,1320.11,26,1453.95,1320.11,1465.58,4,CLOSED,-1479.69,42.45,51.47,-1573.61,-1.082,STOP_LOSS,,,
T_FOLD_2_2024_0002,HIGH52_MOMENTUM,GODREJCP,2024-01-02,2024-01-16,1149.86,1121.96,1149.0,1122.8,28,1465.29,1097.53,1239.33,10,CLOSED,-781.31,38.2,48.47,-867.98,-0.592,TIME_STOP,,,
T_FOLD_2_2024_0003,HIGH52_MOMENTUM,BOSCHLTD,2024-01-02,2024-01-16,22450.28,23081.03,22433.45,23098.35,1,818.59,21631.69,24036.98,10,CLOSED,630.75,26.63,39.85,564.27,0.689,TIME_STOP,,,
T_FOLD_2_2024_0004,HIGH52_MOMENTUM,ADANIPORTS,2024-01-09,2024-01-23,1182.89,1136.25,1182.0,1137.1,17,1428.11,1098.88,1308.8,10,CLOSED,-792.87,23.86,35.95,-852.68,-0.597,TIME_STOP,,,
T_FOLD_2_2024_0007,HIGH52_MOMENTUM,CIPLA,2024-01-24,2024-01-29,1410.06,1347.27,1409.0,1348.28,24,1482.64,1348.28,1530.45,2,CLOSED,-1506.91,40.15,49.43,-1596.49,-1.077,STOP_LOSS,,,
T_FOLD_2_2024_0005,HIGH52_MOMENTUM,GUJGASLTD,2024-01-17,2024-02-01,556.47,579.42,556.05,579.85,51,1471.2,527.62,612.91,10,CLOSED,1170.35,33.67,46.55,1090.13,0.741,TIME_STOP,,,
T_FOLD_2_2024_0006,HIGH52_MOMENTUM,ICICIGI,2024-01-18,2024-02-02,1455.54,1497.93,1454.45,1499.05,23,1481.22,1391.14,1581.07,10,CLOSED,974.85,39.7,51.62,883.53,0.596,TIME_STOP,,,
T_FOLD_2_2024_0008,HIGH52_MOMENTUM,MGL,2024-01-30,2024-02-13,1421.07,1475.69,1420.0,1476.8,17,1427.92,1337.07,1569.06,10,CLOSED,928.67,28.65,41.94,858.08,0.601,TIME_STOP,,,
T_FOLD_2_2024_0009,HIGH52_MOMENTUM,BANKBARODA,2024-02-02,2024-02-16,259.49,275.44,259.3,275.65,74,1486.99,239.4,289.04,10,CLOSED,1180.21,22.78,37.05,1120.38,0.753,TIME_STOP,,,
T_FOLD_2_2024_0010,HIGH52_MOMENTUM,PNB,2024-02-02,2024-02-16,121.79,130.05,121.7,130.15,141,1491.96,111.21,134.12,10,CLOSED,1164.82,20.38,34.93,1109.51,0.744,TIME_STOP,,,
T_FOLD_2_2024_0012,HIGH52_MOMENTUM,ALKEM,2024-02-19,2024-02-26,5448.68,5088.73,5444.6,5092.55,4,1424.53,5092.55,6148.71,5,CLOSED,-1439.81,25.85,37.01,-1502.67,-1.055,STOP_LOSS,,,
T_FOLD_2_2024_0011,HIGH52_MOMENTUM,APOLLOHOSP,2024-02-14,2024-02-28,6723.94,6390.18,6718.9,6394.98,4,1315.84,6394.98,7366.74,10,CLOSED,-1335.02,31.91,42.42,-1409.35,-1.071,STOP_LOSS,,,
T_FOLD_2_2024_0013,HIGH52_MOMENTUM,TRENT,2024-02-19,2024-03-02,2700.82,2604.55,2698.8,2606.5,6,1354.94,2475.0,3099.6,10,CLOSED,-577.67,19.22,32.13,-629.02,-0.464,TIME_STOP,,,
T_FOLD_2_2024_0014,HIGH52_MOMENTUM,GLENMARK,2024-02-27,2024-03-12,928.35,944.44,927.65,945.15,22,1492.83,860.49,1061.98,10,CLOSED,354.1,24.22,37.47,292.41,0.196,TIME_STOP,,,
T_FOLD_2_2024_0015,HIGH52_MOMENTUM,HAVELLS,2024-02-29,2024-03-13,1535.5,1474.51,1534.35,1475.62,24,1437.14,1475.62,1651.82,9,CLOSED,-1463.7,43.71,52.61,-1560.02,-1.086,STOP_LOSS,,,
T_FOLD_2_2024_0016,HIGH52_MOMENTUM,HAL,2024-03-05,2024-03-13,3231.42,3022.57,3229.0,3024.84,7,1446.07,3024.84,3595.16,5,CLOSED,-1461.95,26.82,37.86,-1526.63,-1.056,STOP_LOSS,,,
T_FOLD_2_2024_0017,HIGH52_MOMENTUM,BHARTIARTL,2024-03-18,2024-04-03,1225.92,1224.78,1225.0,1225.7,23,1492.67,1161.02,1337.96,10,CLOSED,-26.17,33.46,45.13,-104.76,-0.07,TIME_STOP,,,
T_FOLD_2_2024_0018,HIGH52_MOMENTUM,SIEMENS,2024-03-27,2024-04-04,5133.85,5686.84,5130.0,5691.11,4,1325.71,4802.42,5691.11,5,CLOSED,2211.98,24.36,39.51,2148.11,1.62,TARGET,,,
T_FOLD_2_2024_0019,HIGH52_MOMENTUM,INDIGO,2024-03-27,2024-04-12,3517.59,3690.48,3514.95,3693.25,6,1381.24,3287.38,3901.39,10,CLOSED,1037.36,25.05,38.87,973.44,0.705,TIME_STOP,,,
T_FOLD_2_2024_0020,HIGH52_MOMENTUM,SHRIRAMFIN,2024-04-04,2024-04-15,515.39,481.51,515.0,481.87,44,1474.72,481.87,570.17,6,CLOSED,-1490.62,26.89,37.89,-1555.4,-1.055,STOP_LOSS,,,
T_FOLD_2_2024_0021,HIGH52_MOMENTUM,HAL,2024-04-04,2024-04-22,3612.66,3782.66,3609.95,3785.5,5,1381.49,3336.36,4095.18,10,CLOSED,850.02,21.43,35.52,793.07,0.574,TIME_STOP,,,
T_FOLD_2_2024_0022,HIGH52_MOMENTUM,VEDL,2024-04-15,2024-04-30,363.27,386.56,363.0,386.85,58,1485.51,337.66,410.53,10,CLOSED,1350.68,25.0,39.16,1286.52,0.866,TIME_STOP,,,
T_FOLD_2_2024_0023,HIGH52_MOMENTUM,BEL,2024-04-15,2024-04-30,233.68,233.57,233.5,233.75,92,1497.31,217.4,265.71,10,CLOSED,-9.24,25.5,38.2,-72.94,-0.049,TIME_STOP,,,
T_FOLD_2_2024_0024,HIGH52_MOMENTUM,EICHERMOT,2024-04-23,2024-05-08,4475.4,4596.65,4472.05,4600.1,5,1371.92,4201.02,4998.8,10,CLOSED,606.23,26.54,39.74,539.95,0.394,TIME_STOP,,,
T_FOLD_2_2024_0026,HIGH52_MOMENTUM,SIEMENS,2024-05-02,2024-05-13,5846.08,6407.4,5841.7,6412.21,5,1448.21,5556.44,6412.21,7,CLOSED,2806.6,34.67,49.13,2722.8,1.88,TARGET,,,
T_FOLD_2_2024_0027,HIGH52_MOMENTUM,CROMPTON,2024-05-09,2024-05-13,341.96,320.54,341.7,320.78,70,1482.34,320.78,378.44,2,CLOSED,-1499.18,28.39,39.18,-1566.75,-1.057,STOP_LOSS,,,
T_FOLD_2_2024_0025,HIGH52_MOMENTUM,ASHOKLEY,2024-05-02,2024-05-16,97.97,103.22,97.9,103.3,244,1499.0,91.83,105.23,10,CLOSED,1280.78,28.35,42.04,1210.39,0.807,TIME_STOP,,,
T_FOLD_2_2024_0028,HIGH52_MOMENTUM,ESCORTS,2024-05-14,2024-05-28,3611.71,3843.81,3609.0,3846.7,6,1350.22,3386.67,4025.91,10,CLOSED,1392.65,25.7,39.82,1327.13,0.983,TIME_STOP,,,
T_FOLD_2_2024_0029,HIGH52_MOMENTUM,POLYCAB,2024-05-14,2024-05-28,6435.72,6701.57,6430.9,6706.6,4,1444.33,6074.64,7143.42,10,CLOSED,1063.39,30.53,43.72,989.14,0.685,TIME_STOP,,,
T_FOLD_2_2024_0030,HIGH52_MOMENTUM,HEROMOTOCO,2024-05-17,2024-05-31,5145.21,5115.76,5141.35,5119.6,5,1328.08,4879.59,5664.87,10,CLOSED,-147.23,30.52,42.44,-220.19,-0.166,TIME_STOP,,,
T_FOLD_2_2024_0032,HIGH52_MOMENTUM,OBEROIRLTY,2024-05-29,2024-06-04,1834.02,1700.76,1832.65,1702.04,11,1451.83,1702.04,2093.88,4,CLOSED,-1465.87,23.93,35.32,-1525.12,-1.05,STOP_LOSS,,,
T_FOLD_2_2024_0033,HIGH52_MOMENTUM,ABB,2024-06-04,2024-06-04,8756.56,8208.14,8750.0,8214.3,2,1084.53,8214.3,9755.4,0,CLOSED,-1096.85,20.78,32.95,-1150.58,-1.061,STOP_LOSS,,,
T_FOLD_2_2024_0034,HIGH52_MOMENTUM,CONCOR,2024-06-04,2024-06-04,944.71,876.4,944.0,877.06,22,1488.26,877.06,1064.07,0,CLOSED,-1502.73,24.66,35.91,-1563.3,-1.05,STOP_LOSS,,,
T_FOLD_2_2024_0031,HIGH52_MOMENTUM,DIVISLAB,2024-05-29,2024-06-12,4395.39,4449.01,4392.1,4452.35,6,1381.94,4165.07,4846.17,10,CLOSED,321.7,31.29,43.59,246.82,0.179,TIME_STOP,,,
T_FOLD_2_2024_0035,HIGH52_MOMENTUM,AUROPHARMA,2024-06-06,2024-06-21,1268.35,1240.17,1267.4,1241.1,17,1473.4,1181.68,1435.84,10,CLOSED,-479.08,25.57,37.78,-542.43,-0.368,TIME_STOP,,,
T_FOLD_2_2024_0036,HIGH52_MOMENTUM,MCDOWELL-N,2024-06-06,2024-06-21,1299.47,1259.7,1298.5,1260.65,20,1443.28,1227.31,1440.88,10,CLOSED,-795.39,30.83,42.04,-868.26,-0.602,TIME_STOP,,,
T_FOLD_2_2024_0037,HIGH52_MOMENTUM,DIXON,2024-06-13,2024-06-27,10405.8,11824.5,10398.0,11833.38,1,846.24,9559.56,11833.38,9,CLOSED,1418.71,12.35,28.17,1378.19,1.629,TARGET,,,
T_FOLD_2_2024_0038,HIGH52_MOMENTUM,GRANULES,2024-06-24,2024-07-08,492.37,518.21,492.0,518.6,41,1497.28,455.85,560.24,10,CLOSED,1059.52,23.95,37.95,997.62,0.666,TIME_STOP,,,
T_FOLD_2_2024_0039,HIGH52_MOMENTUM,NAUKRI,2024-06-25,2024-07-09,1319.99,1387.96,1319.0,1389.0,16,1449.43,1229.4,1498.2,10,CLOSED,1087.5,25.06,38.94,1023.5,0.706,TIME_STOP,,,
T_FOLD_2_2024_0040,HIGH52_MOMENTUM,RELIANCE,2024-06-28,2024-07-12,1532.15,1595.5,1531.0,1596.7,19,1440.93,1456.31,1679.03,10,CLOSED,1203.73,34.53,47.34,1121.86,0.779,TIME_STOP,,,
T_FOLD_2_2024_0041,HIGH52_MOMENTUM,ONGC,2024-07-09,2024-07-16,301.03,326.16,300.8,326.4,96,1488.54,285.52,326.4,5,CLOSED,2412.44,34.28,48.37,2329.79,1.565,TARGET,,,
T_FOLD_2_2024_0043,HIGH52_MOMENTUM,GRASIM,2024-07-15,2024-07-22,2852.14,2695.25,2850.0,2702.0,11,1375.96,2727.05,3077.14,4,CLOSED,-1725.82,37.21,46.65,-1809.68,-1.315,GAP_STOP_LOSS,,,
T_FOLD_2_2024_0042,HIGH52_MOMENTUM,ICICIBANK,2024-07-10,2024-07-25,1253.69,1194.44,1252.75,1195.34,25,1458.74,1195.34,1354.08,10,CLOSED,-1481.15,37.17,46.88,-1565.2,-1.073,STOP_LOSS,,,
T_FOLD_2_2024_0044,HIGH52_MOMENTUM,INDIACEM,2024-07-18,2024-07-29,325.79,383.4,325.55,383.69,45,1481.14,292.88,383.69,7,CLOSED,2592.36,17.39,33.81,2541.16,1.716,TARGET,,,
T_FOLD_2_2024_0045,HIGH52_MOMENTUM,GODREJCP,2024-07-24,2024-07-29,1517.84,1437.87,1516.7,1438.95,19,1498.86,1438.95,1672.2,3,CLOSED,-1519.37,34.22,44.24,-1597.83,-1.066,STOP_LOSS,,,
T_FOLD_2_2024_0046,EXPIRY_RELIEF,RBLBANK,2024-07-26,2024-08-02,231.07,226.73,230.9,226.9,119,1498.59,218.48,253.64,5,CLOSED,-516.86,32.62,43.89,-593.37,-0.396,TIME_STOP,,,
T_FOLD_2_2024_0047,HIGH52_MOMENTUM,DEEPAKNTR,2024-07-30,2024-08-13,3016.26,2845.66,3014.0,2847.8,7,1390.34,2817.64,3356.91,10,CLOSED,-1194.17,25.05,36.57,-1255.79,-0.903,TIME_STOP,,,
T_FOLD_2_2024_0048,HIGH52_MOMENTUM,ATUL,2024-07-30,2024-08-13,7874.65,7629.27,7868.75,7635.0,3,1389.36,7411.53,8783.19,10,CLOSED,-736.13,28.01,39.65,-803.79,-0.579,TIME_STOP,,,
T_FOLD_2_2024_0049,HIGH52_MOMENTUM,GRANULES,2024-08-05,2024-08-20,646.58,674.94,646.1,675.45,38,1462.79,608.09,722.12,10,CLOSED,1077.64,29.15,42.51,1005.98,0.688,TIME_STOP,,,
T_FOLD_2_2024_0050,HIGH52_MOMENTUM,TVSMOTOR,2024-08-14,2024-08-29,2637.78,2749.49,2635.8,2751.55,9,1390.2,2483.31,2940.78,10,CLOSED,1005.39,28.16,41.57,935.66,0.673,TIME_STOP,,,
T_FOLD_2_2024_0051,HIGH52_MOMENTUM,COLPAL,2024-08-19,2024-09-02,3544.36,3626.83,3541.7,3629.55,8,1336.13,3377.34,3849.27,10,CLOSED,659.77,33.63,45.99,580.15,0.434,TIME_STOP,,,
T_FOLD_2_2024_0052,HIGH52_MOMENTUM,SUNPHARMA,2024-08-21,2024-09-04,1771.33,1831.48,1770.0,1832.85,20,1486.35,1697.01,1905.02,10,CLOSED,1202.96,42.03,53.89,1107.04,0.745,TIME_STOP,,,
T_FOLD_2_2024_0053,EXPIRY_RELIEF,AARTIIND,2024-08-30,2024-09-06,629.67,604.15,629.2,604.6,37,1486.73,589.49,707.12,5,CLOSED,-944.44,27.63,39.08,-1011.15,-0.68,TIME_STOP,,,
T_FOLD_2_2024_0056,HIGH52_MOMENTUM,JKCEMENT,2024-09-10,2024-09-12,4841.68,4538.62,4838.05,4550.0,5,1335.89,4574.5,5274.25,2,CLOSED,-1515.27,28.71,39.43,-1583.41,-1.185,GAP_STOP_LOSS,,,
T_FOLD_2_2024_0054,HIGH52_MOMENTUM,SBILIFE,2024-09-03,2024-09-17,1891.42,1817.79,1890.0,1819.15,16,1461.88,1800.05,2066.15,10,CLOSED,-1178.11,35.9,46.06,-1260.07,-0.862,TIME_STOP,,,
T_FOLD_2_2024_0055,HIGH52_MOMENTUM,LUPIN,2024-09-05,2024-09-19,2286.71,2172.7,2285.0,2174.33,13,1460.99,2174.33,2483.09,10,CLOSED,-1482.19,35.26,45.21,-1562.66,-1.07,STOP_LOSS,,,
T_FOLD_2_2024_0057,HIGH52_MOMENTUM,VOLTAS,2024-09-13,2024-09-27,1865.9,1865.3,1864.5,1866.7,14,1478.8,1760.27,2038.31,10,CLOSED,-8.38,31.0,43.0,-82.38,-0.056,TIME_STOP,,,
T_FOLD_2_2024_0058,HIGH52_MOMENTUM,BAJAJ-AUTO,2024-09-18,,11959.26,,11950.3,,3,1439.71,11479.36,12892.17,8,UNRESOLVED,0.0,42.57,0.0,0.0,,,37037.85,1160.06,2024-09-30
T_FOLD_2_2024_0059,HIGH52_MOMENTUM,MARICO,2024-09-23,,709.58,,709.05,,48,1472.73,678.9,769.19,5,UNRESOLVED,0.0,40.4,0.0,0.0,,,33379.2,-680.73,2024-09-30
T_FOLD_2_2024_0060,HIGH52_MOMENTUM,PIDILITIND,2024-09-30,,1693.27,,1692.0,,19,1444.55,1617.24,1810.62,0,UNRESOLVED,0.0,38.17,0.0,0.0,,,31914.3,-257.81,2024-09-30
