trade_id,strategy_id,symbol,fill_session,shares,raw_price,slipped_price,costs,reason,is_gap
T_FOLD_1_2023_0001,HIGH52_MOMENTUM,RECLTD,2023-01-18,220,123.7,123.61,44.11,TIME_STOP,False
T_FOLD_1_2023_0002,HIGH52_MOMENTUM,ABBOTINDIA,2023-01-23,1,21884.55,21868.14,38.59,TIME_STOP,False
T_FOLD_1_2023_0003,HIGH52_MOMENTUM,SBILIFE,2023-01-24,25,1273.25,1272.3,48.88,TIME_STOP,False
T_FOLD_1_2023_0004,HIGH52_MOMENTUM,PETRONET,2023-01-30,154,211.38,211.22,49.64,STOP_LOSS,False
T_FOLD_1_2023_0006,EXPIRY_RELIEF,BAJAJFINSV,2023-02-01,28,1267.84,1266.89,52.69,STOP_LOSS,False
T_FOLD_1_2023_0007,HIGH52_MOMENTUM,ITC,2023-02-01,107,340.46,340.2,53.65,STOP_LOSS,False
T_FOLD_1_2023_0005,EXPIRY_RELIEF,CUB,2023-02-03,289,118.3,118.21,51.32,TIME_STOP,False
T_FOLD_1_2023_0008,HIGH52_MOMENTUM,ITC,2023-02-16,95,382.55,382.26,53.56,TIME_STOP,False
T_FOLD_1_2023_0009,HIGH52_MOMENTUM,BRITANNIA,2023-02-17,7,4533.25,4529.85,48.78,TIME_STOP,False
T_FOLD_1_2023_0010,HIGH52_MOMENTUM,ZYDUSLIFE,2023-02-21,56,468.45,468.1,43.1,TIME_STOP,False
T_FOLD_1_2023_0011,HIGH52_MOMENTUM,CUMMINSIND,2023-02-27,16,1556.55,1555.38,41.72,STOP_LOSS,False
T_FOLD_1_2023_0012,HIGH52_MOMENTUM,PERSISTENT,2023-02-27,8,2377.59,2375.81,35.62,STOP_LOSS,False
T_FOLD_1_2023_0013,HIGH52_MOMENTUM,SIEMENS,2023-03-02,8,3129.57,3127.22,41.86,STOP_LOSS,False
T_FOLD_1_2023_0015,HIGH52_MOMENTUM,BOSCHLTD,2023-03-13,1,17855.15,17841.76,34.42,STOP_LOSS,False
T_FOLD_1_2023_0014,HIGH52_MOMENTUM,CUMMINSIND,2023-03-23,16,1630.5,1629.28,42.94,TIME_STOP,False
T_FOLD_1_2023_0016,HIGH52_MOMENTUM,PETRONET,2023-03-23,148,222.3,222.13,50.0,TIME_STOP,False
T_FOLD_1_2023_0017,HIGH52_MOMENTUM,GODREJCP,2023-04-06,33,967.65,966.92,49.0,TIME_STOP,False
T_FOLD_1_2023_0018,EXPIRY_RELIEF,MOTHERSON,2023-04-11,429,45.57,45.54,36.18,TIME_STOP,False
T_FOLD_1_2023_0019,EXPIRY_RELIEF,MPHASIS,2023-04-11,13,1799.05,1797.7,40.14,TIME_STOP,False
T_FOLD_1_2023_0020,HIGH52_MOMENTUM,IGL,2023-04-25,89,247.35,247.16,38.72,TIME_STOP,False
T_FOLD_1_2023_0021,HIGH52_MOMENTUM,INDIAMART,2023-04-28,9,2683.3,2681.29,40.93,TIME_STOP,False
T_FOLD_1_2023_0022,HIGH52_MOMENTUM,DRREDDY,2023-04-28,38,985.95,985.21,54.73,TIME_STOP,False
T_FOLD_1_2023_0023,HIGH52_MOMENTUM,GLENMARK,2023-04-28,62,568.34,567.91,52.43,TARGET,False
T_FOLD_1_2023_0026,HIGH52_MOMENTUM,NAVINFLUOR,2023-05-12,7,4667.02,4663.52,49.75,STOP_LOSS,False
T_FOLD_1_2023_0024,HIGH52_MOMENTUM,BAJAJ-AUTO,2023-05-16,8,4538.35,4534.95,53.53,TIME_STOP,False
T_FOLD_1_2023_0025,HIGH52_MOMENTUM,ALKEM,2023-05-16,9,3413.65,3411.09,47.74,TIME_STOP,False
T_FOLD_1_2023_0027,HIGH52_MOMENTUM,POLYCAB,2023-05-29,10,3412.3,3409.74,51.26,TIME_STOP,False
T_FOLD_1_2023_0028,HIGH52_MOMENTUM,IOC,2023-05-31,462,82.0,81.94,55.16,TIME_STOP,False
T_FOLD_1_2023_0029,HIGH52_MOMENTUM,IDFCFIRSTB,2023-05-31,450,71.65,71.6,49.32,TIME_STOP,False
T_FOLD_1_2023_0030,HIGH52_MOMENTUM,ITC,2023-06-12,84,434.0,433.67,53.68,STOP_LOSS,False
T_FOLD_1_2023_0032,HIGH52_MOMENTUM,PFC,2023-06-13,176,162.71,162.59,45.59,TARGET,False
T_FOLD_1_2023_0031,HIGH52_MOMENTUM,CANFINHOME,2023-06-15,38,733.1,732.55,44.78,TIME_STOP,False
T_FOLD_1_2023_0033,HIGH52_MOMENTUM,IOC,2023-06-27,348,81.35,81.29,45.25,TIME_STOP,False
T_FOLD_1_2023_0034,HIGH52_MOMENTUM,CUMMINSIND,2023-06-28,13,1911.0,1909.57,41.65,TIME_STOP,False
T_FOLD_1_2023_0035,HIGH52_MOMENTUM,NESTLEIND,2023-07-03,33,1131.6,1130.75,54.6,TIME_STOP,False
T_FOLD_1_2023_0037,EXPIRY_RELIEF,BANDHANBNK,2023-07-05,103,219.0,218.45,39.24,GAP_STOP_LOSS,True
T_FOLD_1_2023_0036,HIGH52_MOMENTUM,ABCAPITAL,2023-07-13,131,187.45,187.31,41.36,TIME_STOP,False
T_FOLD_1_2023_0038,HIGH52_MOMENTUM,EXIDEIND,2023-07-18,124,247.65,247.46,47.73,TIME_STOP,False
T_FOLD_1_2023_0039,HIGH52_MOMENTUM,BPCL,2023-07-20,184,183.5,183.36,50.89,TIME_STOP,False
T_FOLD_1_2023_0041,HIGH52_MOMENTUM,POLYCAB,2023-07-20,5,4530.08,4526.68,39.37,TARGET,False
T_FOLD_1_2023_0040,HIGH52_MOMENTUM,GODREJPROP,2023-07-28,13,1751.95,1750.64,39.52,TIME_STOP,False
T_FOLD_1_2023_0042,HIGH52_MOMENTUM,LUPIN,2023-08-03,39,1020.24,1019.47,57.13,TARGET,False
T_FOLD_1_2023_0043,HIGH52_MOMENTUM,ICICIBANK,2023-08-03,38,966.93,966.2,53.98,STOP_LOSS,False
T_FOLD_1_2023_0046,HIGH52_MOMENTUM,ALKEM,2023-08-11,6,3928.41,3925.46,40.33,STOP_LOSS,False
T_FOLD_1_2023_0044,HIGH52_MOMENTUM,NTPC,2023-08-14,134,213.0,212.84,45.49,TIME_STOP,False
T_FOLD_1_2023_0045,HIGH52_MOMENTUM,IBULHSGFIN,2023-08-16,128,136.56,136.46,34.04,STOP_LOSS,False
T_FOLD_1_2023_0047,HIGH52_MOMENTUM,COFORGE,2023-08-17,29,1004.1,1003.35,46.08,STOP_LOSS,False
T_FOLD_1_2023_0048,HIGH52_MOMENTUM,TRENT,2023-08-30,24,1375.1,1374.07,50.1,TIME_STOP,False
T_FOLD_1_2023_0049,HIGH52_MOMENTUM,LT,2023-08-31,14,2702.7,2700.67,55.11,TIME_STOP,False
T_FOLD_1_2023_0050,HIGH52_MOMENTUM,BSOFT,2023-09-01,58,520.54,520.15,47.2,TARGET,False
T_FOLD_1_2023_0052,EXPIRY_RELIEF,ALKEM,2023-09-08,10,3621.25,3618.53,53.43,TIME_STOP,False
T_FOLD_1_2023_0054,HIGH52_MOMENTUM,PFC,2023-09-12,76,228.48,228.31,33.92,STOP_LOSS,False
T_FOLD_1_2023_0051,HIGH52_MOMENTUM,TVSMOTOR,2023-09-14,23,1463.95,1462.85,50.8,TIME_STOP,False
T_FOLD_1_2023_0053,HIGH52_MOMENTUM,TATAPOWER,2023-09-18,105,265.55,265.35,44.8,TIME_STOP,False
T_FOLD_1_2023_0055,HIGH52_MOMENTUM,GRASIM,2023-09-29,19,1934.7,1933.25,53.99,TIME_STOP,False
T_FOLD_1_2023_0056,HIGH52_MOMENTUM,NMDC,2023-10-03,364,47.43,47.39,33.81,TIME_STOP,False
T_FOLD_1_2023_0057,HIGH52_MOMENTUM,CANBK,2023-10-05,401,74.25,74.19,46.75,TIME_STOP,False
T_FOLD_1_2023_0060,HIGH52_MOMENTUM,TCS,2023-10-17,10,3517.59,3514.95,52.35,STOP_LOSS,False
T_FOLD_1_2023_0058,HIGH52_MOMENTUM,MGL,2023-10-19,23,1123.85,1123.01,42.7,TIME_STOP,False
T_FOLD_1_2023_0061,HIGH52_MOMENTUM,POLYCAB,2023-10-19,5,5206.68,5202.77,42.88,STOP_LOSS,False
T_FOLD_1_2023_0059,HIGH52_MOMENTUM,LT,2023-10-20,10,3012.35,3010.09,47.12,TIME_STOP,False
T_FOLD_1_2023_0062,HIGH52_MOMENTUM,BAJAJ-AUTO,2023-10-26,6,5274.93,5270.97,48.7,STOP_LOSS,False
T_FOLD_1_2023_0064,HIGH52_MOMENTUM,INDUSINDBK,2023-10-26,23,1406.37,1405.32,49.42,STOP_LOSS,False
T_FOLD_1_2023_0066,EXPIRY_RELIEF,TATACOMM,2023-11-02,18,1691.69,1690.42,47.46,TARGET,False
T_FOLD_1_2023_0065,EXPIRY_RELIEF,NAVINFLUOR,2023-11-03,11,3538.85,3536.2,56.25,TIME_STOP,False
T_FOLD_1_2023_0063,HIGH52_MOMENTUM,NESTLEIND,2023-11-06,31,1214.5,1213.59,54.92,TIME_STOP,False
T_FOLD_1_2023_0067,HIGH52_MOMENTUM,OBEROIRLTY,2023-11-17,21,1348.18,1347.17,45.25,TARGET,False
T_FOLD_1_2023_0068,HIGH52_MOMENTUM,PERSISTENT,2023-11-21,9,3232.8,3230.38,46.05,TIME_STOP,False
T_FOLD_1_2023_0069,HIGH52_MOMENTUM,BSOFT,2023-11-22,45,624.8,624.33,45.03,TIME_STOP,False
T_FOLD_1_2023_0072,HIGH52_MOMENTUM,HEROMOTOCO,2023-11-30,10,3754.32,3751.5,54.81,TARGET,False
T_FOLD_1_2023_0070,HIGH52_MOMENTUM,ALKEM,2023-12-05,7,4652.85,4649.36,49.66,TIME_STOP,False
T_FOLD_1_2023_0071,HIGH52_MOMENTUM,SUNPHARMA,2023-12-07,31,1239.3,1238.37,55.71,TIME_STOP,False
T_FOLD_1_2023_0075,HIGH52_MOMENTUM,ALKEM,2023-12-11,7,4691.89,4688.37,49.93,STOP_LOSS,False
T_FOLD_1_2023_0074,HIGH52_MOMENTUM,CHAMBLFERT,2023-12-12,89,358.32,358.05,48.96,TARGET,False
T_FOLD_1_2023_0073,HIGH52_MOMENTUM,IOC,2023-12-15,202,124.2,124.11,41.91,TARGET,False
T_FOLD_1_2023_0077,HIGH52_MOMENTUM,MFSL,2023-12-15,26,997.54,996.79,42.79,STOP_LOSS,False
T_FOLD_1_2023_0078,HIGH52_MOMENTUM,TATASTEEL,2023-12-20,277,132.14,132.04,53.84,STOP_LOSS,False
T_FOLD_1_2023_0076,HIGH52_MOMENTUM,ICICIBANK,2023-12-27,37,1002.25,1001.5,54.34,TIME_STOP,False
T_FOLD_2_2024_0001,HIGH52_MOMENTUM,NESTLEIND,2024-01-08,26,1320.11,1319.12,51.47,STOP_LOSS,False
T_FOLD_2_2024_0002,HIGH52_MOMENTUM,GODREJCP,2024-01-16,28,1122.8,1121.96,48.47,TIME_STOP,False
T_FOLD_2_2024_0003,HIGH52_MOMENTUM,BOSCHLTD,2024-01-16,1,23098.35,23081.03,39.85,TIME_STOP,False
T_FOLD_2_2024_0004,HIGH52_MOMENTUM,ADANIPORTS,2024-01-20,17,1158.9,1158.03,36.33,DISQUALIFIED,False
T_FOLD_2_2024_0005,HIGH52_MOMENTUM,GUJGASLTD,2024-01-20,51,554.0,553.58,45.19,DISQUALIFIED,False
T_FOLD_2_2024_0006,HIGH52_MOMENTUM,ICICIGI,2024-01-20,23,1490.0,1488.88,51.41,DISQUALIFIED,False
T_FOLD_2_2024_0007,HIGH52_MOMENTUM,CIPLA,2024-01-29,24,1348.28,1347.27,49.43,STOP_LOSS,False
T_FOLD_2_2024_0008,HIGH52_MOMENTUM,SUNPHARMA,2024-02-07,27,1482.51,1481.4,57.38,TARGET,False
T_FOLD_2_2024_0009,HIGH52_MOMENTUM,BHARTIARTL,2024-02-08,29,1142.15,1141.29,50.22,TIME_STOP,False
T_FOLD_2_2024_0010,HIGH52_MOMENTUM,MGL,2024-02-13,17,1476.8,1475.69,41.94,TIME_STOP,False
T_FOLD_2_2024_0011,HIGH52_MOMENTUM,ICICIGI,2024-02-22,19,1646.25,1645.02,48.32,TIME_STOP,False
T_FOLD_2_2024_0012,HIGH52_MOMENTUM,HCLTECH,2024-02-23,15,1665.75,1664.5,41.8,TIME_STOP,False
T_FOLD_2_2024_0013,HIGH52_MOMENTUM,APOLLOHOSP,2024-02-28,4,6394.98,6390.18,42.42,STOP_LOSS,False
T_FOLD_2_2024_0014,HIGH52_MOMENTUM,SUNPHARMA,2024-03-02,21,1570.0,1568.82,50.07,DISQUALIFIED,False
T_FOLD_2_2024_0015,HIGH52_MOMENTUM,CUMMINSIND,2024-03-02,8,2738.9,2736.85,38.61,DISQUALIFIED,False
T_FOLD_2_2024_0016,HIGH52_MOMENTUM,HAVELLS,2024-03-02,24,1517.6,1516.46,53.65,DISQUALIFIED,False
T_FOLD_2_2024_0017,HIGH52_MOMENTUM,HAL,2024-03-13,7,3024.84,3022.57,37.86,STOP_LOSS,False
T_FOLD_2_2024_0019,HIGH52_MOMENTUM,CANBK,2024-03-13,180,112.57,112.49,36.91,STOP_LOSS,False
T_FOLD_2_2024_0018,HIGH52_MOMENTUM,ABB,2024-03-20,3,5733.7,5729.4,33.75,TIME_STOP,False
T_FOLD_2_2024_0020,HIGH52_MOMENTUM,BHARTIARTL,2024-04-03,23,1225.7,1224.78,45.13,TIME_STOP,False
T_FOLD_2_2024_0021,HIGH52_MOMENTUM,SIEMENS,2024-04-04,4,5691.11,5686.84,39.51,TARGET,False
T_FOLD_2_2024_0022,HIGH52_MOMENTUM,INDIGO,2024-04-12,6,3693.25,3690.48,38.87,TIME_STOP,False
T_FOLD_2_2024_0023,HIGH52_MOMENTUM,SHRIRAMFIN,2024-04-15,44,481.87,481.51,37.89,STOP_LOSS,False
T_FOLD_2_2024_0024,HIGH52_MOMENTUM,IPCALAB,2024-04-24,17,1347.25,1346.24,39.65,TIME_STOP,False
T_FOLD_2_2024_0025,HIGH52_MOMENTUM,VEDL,2024-04-30,58,386.85,386.56,39.16,TIME_STOP,False
T_FOLD_2_2024_0026,HIGH52_MOMENTUM,HAL,2024-05-03,5,3920.2,3917.26,36.23,TIME_STOP,False
T_FOLD_2_2024_0027,HIGH52_MOMENTUM,VOLTAS,2024-05-08,15,1280.0,1276.8,35.78,GAP_STOP_LOSS,True
T_FOLD_2_2024_0029,HIGH52_MOMENTUM,GODREJPROP,2024-05-13,7,2650.97,2648.98,35.14,STOP_LOSS,False
T_FOLD_2_2024_0028,HIGH52_MOMENTUM,ASHOKLEY,2024-05-16,244,103.3,103.22,42.04,TIME_STOP,False
T_FOLD_2_2024_0030,HIGH52_MOMENTUM,ESCORTS,2024-05-18,6,3791.1,3788.26,39.49,DISQUALIFIED,False
T_FOLD_2_2024_0031,HIGH52_MOMENTUM,POLYCAB,2024-05-18,4,6538.0,6533.1,43.02,DISQUALIFIED,False
T_FOLD_2_2024_0032,HIGH52_MOMENTUM,HEROMOTOCO,2024-05-18,5,5118.0,5114.16,42.43,DISQUALIFIED,False
T_FOLD_2_2024_0034,HIGH52_MOMENTUM,ASHOKLEY,2024-06-03,245,117.34,117.25,45.7,TARGET,False
T_FOLD_2_2024_0033,HIGH52_MOMENTUM,HINDALCO,2024-06-04,34,656.11,655.62,39.02,STOP_LOSS,False
T_FOLD_2_2024_0035,HIGH52_MOMENTUM,HAVELLS,2024-06-04,16,1784.07,1782.73,45.49,STOP_LOSS,False
T_FOLD_2_2024_0036,HIGH52_MOMENTUM,ABB,2024-06-04,2,8214.3,8208.14,32.95,STOP_LOSS,False
T_FOLD_2_2024_0038,HIGH52_MOMENTUM,MCDOWELL-N,2024-06-07,20,1306.45,1305.47,43.0,DISQUALIFIED,False
T_FOLD_2_2024_0037,HIGH52_MOMENTUM,AUROPHARMA,2024-06-21,17,1241.1,1240.17,37.78,TIME_STOP,False
T_FOLD_2_2024_0039,HIGH52_MOMENTUM,GLENMARK,2024-06-24,15,1219.85,1218.94,34.87,TIME_STOP,False
T_FOLD_2_2024_0040,HIGH52_MOMENTUM,BHARTIARTL,2024-06-25,17,1414.95,1413.89,40.83,TIME_STOP,False
T_FOLD_2_2024_0043,HIGH52_MOMENTUM,INDHOTEL,2024-06-27,36,618.95,618.49,39.0,STOP_LOSS,False
T_FOLD_2_2024_0041,HIGH52_MOMENTUM,GRANULES,2024-07-08,41,518.6,518.21,37.95,TIME_STOP,False
T_FOLD_2_2024_0042,HIGH52_MOMENTUM,NAUKRI,2024-07-09,16,1389.0,1387.96,38.94,TIME_STOP,False
T_FOLD_2_2024_0044,HIGH52_MOMENTUM,RELIANCE,2024-07-12,19,1596.7,1595.5,47.34,TIME_STOP,False
T_FOLD_2_2024_0045,HIGH52_MOMENTUM,ONGC,2024-07-16,96,326.4,326.16,48.37,TARGET,False
T_FOLD_2_2024_0047,HIGH52_MOMENTUM,GRASIM,2024-07-22,11,2702.0,2695.25,46.65,GAP_STOP_LOSS,True
T_FOLD_2_2024_0048,HIGH52_MOMENTUM,WIPRO,2024-07-22,92,260.5,259.85,40.7,GAP_STOP_LOSS,True
T_FOLD_2_2024_0046,HIGH52_MOMENTUM,ICICIBANK,2024-07-25,25,1195.34,1194.44,46.88,STOP_LOSS,False
T_FOLD_2_2024_0049,HIGH52_MOMENTUM,GODREJCP,2024-07-29,19,1438.95,1437.87,44.24,STOP_LOSS,False
T_FOLD_2_2024_0050,HIGH52_MOMENTUM,TATACONSUM,2024-07-29,28,1205.25,1204.35,50.87,STOP_LOSS,False
T_FOLD_2_2024_0051,EXPIRY_RELIEF,RBLBANK,2024-08-02,119,226.9,226.73,43.89,TIME_STOP,False
T_FOLD_2_2024_0052,HIGH52_MOMENTUM,DEEPAKNTR,2024-08-13,7,2847.8,2845.66,36.57,TIME_STOP,False
T_FOLD_2_2024_0053,HIGH52_MOMENTUM,ATUL,2024-08-13,3,7635.0,7629.27,39.65,TIME_STOP,False
T_FOLD_2_2024_0054,HIGH52_MOMENTUM,GRANULES,2024-08-20,38,675.45,674.94,42.51,TIME_STOP,False
T_FOLD_2_2024_0055,HIGH52_MOMENTUM,TVSMOTOR,2024-08-29,9,2751.55,2749.49,41.57,TIME_STOP,False
T_FOLD_2_2024_0056,HIGH52_MOMENTUM,COLPAL,2024-09-02,8,3629.55,3626.83,45.99,TIME_STOP,False
T_FOLD_2_2024_0057,HIGH52_MOMENTUM,SUNPHARMA,2024-09-04,20,1832.85,1831.48,53.89,TIME_STOP,False
T_FOLD_2_2024_0058,EXPIRY_RELIEF,AARTIIND,2024-09-06,37,604.6,604.15,39.08,TIME_STOP,False
T_FOLD_2_2024_0061,HIGH52_MOMENTUM,JKCEMENT,2024-09-12,5,4550.0,4538.62,39.43,GAP_STOP_LOSS,True
T_FOLD_2_2024_0059,HIGH52_MOMENTUM,SBILIFE,2024-09-17,16,1819.15,1817.79,46.06,TIME_STOP,False
T_FOLD_2_2024_0060,HIGH52_MOMENTUM,LUPIN,2024-09-19,13,2174.33,2172.7,45.21,STOP_LOSS,False
T_FOLD_2_2024_0062,HIGH52_MOMENTUM,VOLTAS,2024-09-27,14,1866.7,1865.3,43.0,TIME_STOP,False
